anio,mes,VPU,fob_dolar,pos_ncm,sector,provincia,nombre_importador,primer_periodo,ultimo_periodo
2025,3,Parque Solar El Quemado y Anexos,174711.4,8479.89.99,Energía,Mendoza,RIGI - LUZ DEL CAMPO S. A.    ,202501,202607
2025,3,Parque Solar El Quemado y Anexos,201178.32,8479.89.99,Energía,Mendoza,RIGI - LUZ DEL CAMPO S. A.    ,202501,202607
2025,3,Parque Solar El Quemado y Anexos,323935.16,8479.89.99,Energía,Mendoza,RIGI - LUZ DEL CAMPO S. A.    ,202501,202607
2025,3,Parque Solar El Quemado y Anexos,215486.64,8541.43.00,Energía,Mendoza,RIGI - LUZ DEL CAMPO S. A.    ,202501,202607
2025,3,Parque Solar El Quemado y Anexos,175866.76,8479.89.99,Energía,Mendoza,RIGI - LUZ DEL CAMPO S. A.    ,202501,202607
2025,3,Parque Solar El Quemado y Anexos,258583.97,8541.43.00,Energía,Mendoza,RIGI - LUZ DEL CAMPO S. A.    ,202501,202607
2025,3,Parque Solar El Quemado y Anexos,467526.64,8479.89.99,Energía,Mendoza,RIGI - LUZ DEL CAMPO S. A.    ,202501,202607
2025,3,Parque Solar El Quemado y Anexos,105,8517.62.99,Energía,Mendoza,RIGI - LUZ DEL CAMPO S. A.    ,202501,202607
2025,3,Parque Solar El Quemado y Anexos,64642.65,8537.10.90,Energía,Mendoza,RIGI - LUZ DEL CAMPO S. A.    ,202501,202607
2025,3,Parque Solar El Quemado y Anexos,158130,8479.89.99,Energía,Mendoza,RIGI - LUZ DEL CAMPO S. A.    ,202501,202607
2025,3,Parque Solar El Quemado y Anexos,14000,7326.90.90,Energía,Mendoza,RIGI - LUZ DEL CAMPO S. A.    ,202501,202607
2025,3,Parque Solar El Quemado y Anexos,163512,8479.89.99,Energía,Mendoza,RIGI - LUZ DEL CAMPO S. A.    ,202501,202607
2025,3,Parque Solar El Quemado y Anexos,160758,8479.89.99,Energía,Mendoza,RIGI - LUZ DEL CAMPO S. A.    ,202501,202607
2025,3,Parque Solar El Quemado y Anexos,152604,8479.89.99,Energía,Mendoza,RIGI - LUZ DEL CAMPO S. A.    ,202501,202607
2025,3,Parque Solar El Quemado y Anexos,164916,8479.89.99,Energía,Mendoza,RIGI - LUZ DEL CAMPO S. A.    ,202501,202607
2025,3,Parque Solar El Quemado y Anexos,162500,8479.89.99,Energía,Mendoza,RIGI - LUZ DEL CAMPO S. A.    ,202501,202607
2025,3,Parque Solar El Quemado y Anexos,172470.69,8479.89.99,Energía,Mendoza,RIGI - LUZ DEL CAMPO S. A.    ,202501,202607
2025,3,Parque Solar El Quemado y Anexos,187996,8479.89.99,Energía,Mendoza,RIGI - LUZ DEL CAMPO S. A.    ,202501,202607
2025,3,Parque Solar El Quemado y Anexos,160557.56,8479.89.99,Energía,Mendoza,RIGI - LUZ DEL CAMPO S. A.    ,202501,202607
2025,3,Parque Solar El Quemado y Anexos,162272.38,8479.89.99,Energía,Mendoza,RIGI - LUZ DEL CAMPO S. A.    ,202501,202607
2025,3,Parque Solar El Quemado y Anexos,171132.32,8479.89.99,Energía,Mendoza,RIGI - LUZ DEL CAMPO S. A.    ,202501,202607
2025,3,Parque Solar El Quemado y Anexos,159334.36,8479.89.99,Energía,Mendoza,RIGI - LUZ DEL CAMPO S. A.    ,202501,202607
2025,3,Parque Solar El Quemado y Anexos,326393.7,8479.89.99,Energía,Mendoza,RIGI - LUZ DEL CAMPO S. A.    ,202501,202607
2025,3,Parque Solar El Quemado y Anexos,205097.08,8479.89.99,Energía,Mendoza,RIGI - LUZ DEL CAMPO S. A.    ,202501,202607
2025,3,Parque Solar El Quemado y Anexos,166317.33,8479.89.99,Energía,Mendoza,RIGI - LUZ DEL CAMPO S. A.    ,202501,202607
2025,3,Parque Solar El Quemado y Anexos,151478.4,8479.89.99,Energía,Mendoza,RIGI - LUZ DEL CAMPO S. A.    ,202501,202607
2025,3,Parque Solar El Quemado y Anexos,163365.2,8479.89.99,Energía,Mendoza,RIGI - LUZ DEL CAMPO S. A.    ,202501,202607
2025,3,Parque Solar El Quemado y Anexos,183512.88,8479.89.99,Energía,Mendoza,RIGI - LUZ DEL CAMPO S. A.    ,202501,202607
2025,3,Parque Solar El Quemado y Anexos,165851.82,8479.89.99,Energía,Mendoza,RIGI - LUZ DEL CAMPO S. A.    ,202501,202607
2025,3,Parque Solar El Quemado y Anexos,179602.98,8479.89.99,Energía,Mendoza,RIGI - LUZ DEL CAMPO S. A.    ,202501,202607
2025,3,Parque Solar El Quemado y Anexos,174485.39,8479.89.99,Energía,Mendoza,RIGI - LUZ DEL CAMPO S. A.    ,202501,202607
2025,3,Parque Solar El Quemado y Anexos,76.31,8535.90.90,Energía,Mendoza,RIGI - LUZ DEL CAMPO S. A.    ,202501,202607
2025,3,Parque Solar El Quemado y Anexos,151902,8479.89.99,Energía,Mendoza,RIGI - LUZ DEL CAMPO S. A.    ,202501,202607
2025,3,Parque Solar El Quemado y Anexos,215489.74,8541.43.00,Energía,Mendoza,RIGI - LUZ DEL CAMPO S. A.    ,202501,202607
2025,3,Parque Solar El Quemado y Anexos,164106,8479.89.99,Energía,Mendoza,RIGI - LUZ DEL CAMPO S. A.    ,202501,202607
2025,3,Parque Solar El Quemado y Anexos,166536,8479.89.99,Energía,Mendoza,RIGI - LUZ DEL CAMPO S. A.    ,202501,202607
2025,3,Parque Solar El Quemado y Anexos,165996,8479.89.99,Energía,Mendoza,RIGI - LUZ DEL CAMPO S. A.    ,202501,202607
2025,3,Parque Solar El Quemado y Anexos,159210,8479.89.99,Energía,Mendoza,RIGI - LUZ DEL CAMPO S. A.    ,202501,202607
2025,3,Parque Solar El Quemado y Anexos,225232.12,8479.89.99,Energía,Mendoza,RIGI - LUZ DEL CAMPO S. A.    ,202501,202607
2025,3,Parque Solar El Quemado y Anexos,236411.6,8479.89.99,Energía,Mendoza,RIGI - LUZ DEL CAMPO S. A.    ,202501,202607
2025,3,Parque Solar El Quemado y Anexos,127591.6,8479.89.99,Energía,Mendoza,RIGI - LUZ DEL CAMPO S. A.    ,202501,202607
2025,3,Parque Solar El Quemado y Anexos,181503.28,8479.89.99,Energía,Mendoza,RIGI - LUZ DEL CAMPO S. A.    ,202501,202607
2025,3,Parque Solar El Quemado y Anexos,159333.38,8479.89.99,Energía,Mendoza,RIGI - LUZ DEL CAMPO S. A.    ,202501,202607
2025,3,Parque Solar El Quemado y Anexos,197423.96,8479.89.99,Energía,Mendoza,RIGI - LUZ DEL CAMPO S. A.    ,202501,202607
2025,3,Parque Solar El Quemado y Anexos,162653.2,8479.89.99,Energía,Mendoza,RIGI - LUZ DEL CAMPO S. A.    ,202501,202607
2025,3,Parque Solar El Quemado y Anexos,299899.87,8479.89.99,Energía,Mendoza,RIGI - LUZ DEL CAMPO S. A.    ,202501,202607
2025,3,Parque Solar El Quemado y Anexos,166407.76,8479.89.99,Energía,Mendoza,RIGI - LUZ DEL CAMPO S. A.    ,202501,202607
2025,1,Parque Solar El Quemado y Anexos,1080094.08,8504.22.00,Energía,Mendoza,RIGI - LUZ DEL CAMPO S. A.    ,202501,202607
2025,1,Parque Solar El Quemado y Anexos,1422,8414.59.90,Energía,Mendoza,RIGI - LUZ DEL CAMPO S. A.    ,202501,202607
2025,1,Parque Solar El Quemado y Anexos,1044,8504.32.21,Energía,Mendoza,RIGI - LUZ DEL CAMPO S. A.    ,202501,202607
2025,1,Parque Solar El Quemado y Anexos,3116,8504.40.29,Energía,Mendoza,RIGI - LUZ DEL CAMPO S. A.    ,202501,202607
2025,1,Parque Solar El Quemado y Anexos,121316.72,8535.40.90,Energía,Mendoza,RIGI - LUZ DEL CAMPO S. A.    ,202501,202607
2025,1,Parque Solar El Quemado y Anexos,166,8536.10.00,Energía,Mendoza,RIGI - LUZ DEL CAMPO S. A.    ,202501,202607
2025,1,Parque Solar El Quemado y Anexos,17759,8536.20.00,Energía,Mendoza,RIGI - LUZ DEL CAMPO S. A.    ,202501,202607
2025,1,Parque Solar El Quemado y Anexos,1942,8536.41.00,Energía,Mendoza,RIGI - LUZ DEL CAMPO S. A.    ,202501,202607
2025,1,Parque Solar El Quemado y Anexos,336,8536.49.00,Energía,Mendoza,RIGI - LUZ DEL CAMPO S. A.    ,202501,202607
2025,1,Parque Solar El Quemado y Anexos,888,9026.20.90,Energía,Mendoza,RIGI - LUZ DEL CAMPO S. A.    ,202501,202607
2025,1,Parque Solar El Quemado y Anexos,11040,9032.89.90,Energía,Mendoza,RIGI - LUZ DEL CAMPO S. A.    ,202501,202607
2025,1,Parque Solar El Quemado y Anexos,258587.69,8541.43.00,Energía,Mendoza,RIGI - LUZ DEL CAMPO S. A.    ,202501,202607
2025,1,Parque Solar El Quemado y Anexos,11110,8419.50.90,Energía,Mendoza,RIGI - LUZ DEL CAMPO S. A.    ,202501,202607
2025,1,Parque Solar El Quemado y Anexos,477,8421.39.90,Energía,Mendoza,RIGI - LUZ DEL CAMPO S. A.    ,202501,202607
2025,1,Parque Solar El Quemado y Anexos,1998,8504.31.11,Energía,Mendoza,RIGI - LUZ DEL CAMPO S. A.    ,202501,202607
2025,1,Parque Solar El Quemado y Anexos,3020,8535.90.90,Energía,Mendoza,RIGI - LUZ DEL CAMPO S. A.    ,202501,202607
2025,1,Parque Solar El Quemado y Anexos,20387.56,8536.90.90,Energía,Mendoza,RIGI - LUZ DEL CAMPO S. A.    ,202501,202607
2025,1,Parque Solar El Quemado y Anexos,590,9026.10.29,Energía,Mendoza,RIGI - LUZ DEL CAMPO S. A.    ,202501,202607
2025,2,Parque Solar El Quemado y Anexos,258587.69,8541.43.00,Energía,Mendoza,RIGI - LUZ DEL CAMPO S. A.    ,202501,202607
2025,2,Parque Solar El Quemado y Anexos,215489.74,8541.43.00,Energía,Mendoza,RIGI - LUZ DEL CAMPO S. A.    ,202501,202607
2025,2,Parque Solar El Quemado y Anexos,162162,8479.89.99,Energía,Mendoza,RIGI - LUZ DEL CAMPO S. A.    ,202501,202607
2025,2,Parque Solar El Quemado y Anexos,161433,8479.89.99,Energía,Mendoza,RIGI - LUZ DEL CAMPO S. A.    ,202501,202607
2025,2,Parque Solar El Quemado y Anexos,161111.7,8479.89.99,Energía,Mendoza,RIGI - LUZ DEL CAMPO S. A.    ,202501,202607
2025,2,Parque Solar El Quemado y Anexos,153273.9,8479.89.99,Energía,Mendoza,RIGI - LUZ DEL CAMPO S. A.    ,202501,202607
2025,2,Parque Solar El Quemado y Anexos,158911.2,8479.89.99,Energía,Mendoza,RIGI - LUZ DEL CAMPO S. A.    ,202501,202607
2025,2,Parque Solar El Quemado y Anexos,157194,8479.89.99,Energía,Mendoza,RIGI - LUZ DEL CAMPO S. A.    ,202501,202607
2025,2,Parque Solar El Quemado y Anexos,144840.6,8479.89.99,Energía,Mendoza,RIGI - LUZ DEL CAMPO S. A.    ,202501,202607
2025,4,Parque Solar El Quemado y Anexos,546064.26,8479.89.99,Energía,Mendoza,RIGI - LUZ DEL CAMPO S. A.    ,202501,202607
2025,4,Parque Solar El Quemado y Anexos,6601.51,3506.10.90,Energía,Mendoza,RIGI - LUZ DEL CAMPO S. A.    ,202501,202607
2025,4,Parque Solar El Quemado y Anexos,849.6,7318.16.00,Energía,Mendoza,RIGI - LUZ DEL CAMPO S. A.    ,202501,202607
2025,4,Parque Solar El Quemado y Anexos,1064.95,7318.22.00,Energía,Mendoza,RIGI - LUZ DEL CAMPO S. A.    ,202501,202607
2025,4,Parque Solar El Quemado y Anexos,374.82,7318.24.00,Energía,Mendoza,RIGI - LUZ DEL CAMPO S. A.    ,202501,202607
2025,4,Parque Solar El Quemado y Anexos,543.75,8483.30.29,Energía,Mendoza,RIGI - LUZ DEL CAMPO S. A.    ,202501,202607
2025,2,Parque Solar El Quemado y Anexos,158009.4,8479.89.99,Energía,Mendoza,RIGI - LUZ DEL CAMPO S. A.    ,202501,202607
2025,4,Parque Solar El Quemado y Anexos,853,7318.15.00,Energía,Mendoza,RIGI - LUZ DEL CAMPO S. A.    ,202501,202607
2025,4,Parque Solar El Quemado y Anexos,1840.5,7326.90.90,Energía,Mendoza,RIGI - LUZ DEL CAMPO S. A.    ,202501,202607
2025,4,Parque Solar El Quemado y Anexos,2140,8501.32.10,Energía,Mendoza,RIGI - LUZ DEL CAMPO S. A.    ,202501,202607
2025,4,Parque Solar El Quemado y Anexos,156,8536.10.00,Energía,Mendoza,RIGI - LUZ DEL CAMPO S. A.    ,202501,202607
2025,4,Parque Solar El Quemado y Anexos,195.6,8544.42.00,Energía,Mendoza,RIGI - LUZ DEL CAMPO S. A.    ,202501,202607
2025,4,Parque Solar El Quemado y Anexos,32,9015.90.90,Energía,Mendoza,RIGI - LUZ DEL CAMPO S. A.    ,202501,202607
2025,2,Parque Solar El Quemado y Anexos,164808,8479.89.99,Energía,Mendoza,RIGI - LUZ DEL CAMPO S. A.    ,202501,202607
2025,3,Parque Solar El Quemado y Anexos,258587.69,8541.43.00,Energía,Mendoza,RIGI - LUZ DEL CAMPO S. A.    ,202501,202607
2025,3,Parque Solar El Quemado y Anexos,160326,8479.89.99,Energía,Mendoza,RIGI - LUZ DEL CAMPO S. A.    ,202501,202607
2025,3,Parque Solar El Quemado y Anexos,258589.3,8541.43.00,Energía,Mendoza,RIGI - LUZ DEL CAMPO S. A.    ,202501,202607
2025,3,Parque Solar El Quemado y Anexos,435562.46,8479.89.99,Energía,Mendoza,RIGI - LUZ DEL CAMPO S. A.    ,202501,202607
2025,3,Parque Solar El Quemado y Anexos,14700,8537.10.20,Energía,Mendoza,RIGI - LUZ DEL CAMPO S. A.    ,202501,202607
2025,3,Parque Solar El Quemado y Anexos,787.8,3926.90.90,Energía,Mendoza,RIGI - LUZ DEL CAMPO S. A.    ,202501,202607
2025,3,Parque Solar El Quemado y Anexos,1040,8517.62.77,Energía,Mendoza,RIGI - LUZ DEL CAMPO S. A.    ,202501,202607
2025,3,Parque Solar El Quemado y Anexos,1958859.84,8504.40.90,Energía,Mendoza,RIGI - LUZ DEL CAMPO S. A.    ,202501,202607
2025,3,Parque Solar El Quemado y Anexos,159408,8479.89.99,Energía,Mendoza,RIGI - LUZ DEL CAMPO S. A.    ,202501,202607
2025,3,Parque Solar El Quemado y Anexos,191379.08,8479.89.99,Energía,Mendoza,RIGI - LUZ DEL CAMPO S. A.    ,202501,202607
2025,3,Parque Solar El Quemado y Anexos,261784.4,8479.89.99,Energía,Mendoza,RIGI - LUZ DEL CAMPO S. A.    ,202501,202607
2025,3,Parque Solar El Quemado y Anexos,215491.09,8541.43.00,Energía,Mendoza,RIGI - LUZ DEL CAMPO S. A.    ,202501,202607
2025,3,Parque Solar El Quemado y Anexos,160709.86,8479.89.99,Energía,Mendoza,RIGI - LUZ DEL CAMPO S. A.    ,202501,202607
2025,4,Parque Solar El Quemado y Anexos,36234.95,8479.90.90,Energía,Mendoza,RIGI - LUZ DEL CAMPO S. A.    ,202501,202607
2025,4,Parque Solar El Quemado y Anexos,1284.8,8483.10.90,Energía,Mendoza,RIGI - LUZ DEL CAMPO S. A.    ,202501,202607
2025,4,Parque Solar El Quemado y Anexos,374.4,8544.49.00,Energía,Mendoza,RIGI - LUZ DEL CAMPO S. A.    ,202501,202607
2025,1,Parque Solar El Quemado y Anexos,962,8536.30.90,Energía,Mendoza,RIGI - LUZ DEL CAMPO S. A.    ,202501,202607
2025,1,Parque Solar El Quemado y Anexos,3912,8536.50.90,Energía,Mendoza,RIGI - LUZ DEL CAMPO S. A.    ,202501,202607
2025,1,Parque Solar El Quemado y Anexos,215489.74,8541.43.00,Energía,Mendoza,RIGI - LUZ DEL CAMPO S. A.    ,202501,202607
2025,1,Parque Solar El Quemado y Anexos,1260,8536.10.00,Energía,Mendoza,RIGI - LUZ DEL CAMPO S. A.    ,202501,202607
2025,1,Parque Solar El Quemado y Anexos,432,9032.10.90,Energía,Mendoza,RIGI - LUZ DEL CAMPO S. A.    ,202501,202607
2025,2,Parque Solar El Quemado y Anexos,141620.4,8479.89.99,Energía,Mendoza,RIGI - LUZ DEL CAMPO S. A.    ,202501,202607
2025,2,Parque Solar El Quemado y Anexos,148932,8479.89.99,Energía,Mendoza,RIGI - LUZ DEL CAMPO S. A.    ,202501,202607
2025,4,Parque Solar El Quemado y Anexos,11.8,7318.22.00,Energía,Mendoza,RIGI - LUZ DEL CAMPO S. A.    ,202501,202607
2025,4,Parque Solar El Quemado y Anexos,85.6,8483.30.90,Energía,Mendoza,RIGI - LUZ DEL CAMPO S. A.    ,202501,202607
2025,3,Parque Solar El Quemado y Anexos,168643.36,8479.89.99,Energía,Mendoza,RIGI - LUZ DEL CAMPO S. A.    ,202501,202607
2025,3,Parque Solar El Quemado y Anexos,160869,8479.89.99,Energía,Mendoza,RIGI - LUZ DEL CAMPO S. A.    ,202501,202607
2025,3,Parque Solar El Quemado y Anexos,1119264.8,8504.40.90,Energía,Mendoza,RIGI - LUZ DEL CAMPO S. A.    ,202501,202607
2025,3,Parque Solar El Quemado y Anexos,813960,8479.89.99,Energía,Mendoza,RIGI - LUZ DEL CAMPO S. A.    ,202501,202607
2025,1,Parque Solar El Quemado y Anexos,1260109.76,8504.22.00,Energía,Mendoza,RIGI - LUZ DEL CAMPO S. A.    ,202501,202607
2025,1,Parque Solar El Quemado y Anexos,780,8414.59.90,Energía,Mendoza,RIGI - LUZ DEL CAMPO S. A.    ,202501,202607
2025,1,Parque Solar El Quemado y Anexos,1122,9027.89.99,Energía,Mendoza,RIGI - LUZ DEL CAMPO S. A.    ,202501,202607
2025,4,Parque Solar El Quemado y Anexos,2203.78,7318.15.00,Energía,Mendoza,RIGI - LUZ DEL CAMPO S. A.    ,202501,202607
2025,4,Parque Solar El Quemado y Anexos,160,8504.40.90,Energía,Mendoza,RIGI - LUZ DEL CAMPO S. A.    ,202501,202607
2025,4,Parque Solar El Quemado y Anexos,3378,8517.62.99,Energía,Mendoza,RIGI - LUZ DEL CAMPO S. A.    ,202501,202607
2025,4,Parque Solar El Quemado y Anexos,720,9015.80.90,Energía,Mendoza,RIGI - LUZ DEL CAMPO S. A.    ,202501,202607
2025,4,Parque Solar El Quemado y Anexos,258583.97,8541.43.00,Energía,Mendoza,RIGI - LUZ DEL CAMPO S. A.    ,202501,202607
2025,4,Parque Solar El Quemado y Anexos,112.72,7318.21.00,Energía,Mendoza,RIGI - LUZ DEL CAMPO S. A.    ,202501,202607
2025,4,Parque Solar El Quemado y Anexos,350,8517.79.00,Energía,Mendoza,RIGI - LUZ DEL CAMPO S. A.    ,202501,202607
2025,1,Parque Solar El Quemado y Anexos,298,8481.40.00,Energía,Mendoza,RIGI - LUZ DEL CAMPO S. A.    ,202501,202607
2025,5,Vaca Muerta Oleoducto Sur (VMOS),3772511.78,7309.00.90,Petróleo y Gas,Río Negro,RIGI - VMOS S. A.             ,202505,202607
2025,6,Vaca Muerta Oleoducto Sur (VMOS),608293.84,7309.00.90,Petróleo y Gas,Río Negro,RIGI - VMOS S. A.             ,202505,202607
2025,6,Vaca Muerta Oleoducto Sur (VMOS),164.82,8536.90.90,Petróleo y Gas,Río Negro,RIGI - VMOS S. A.             ,202505,202607
2025,6,Vaca Muerta Oleoducto Sur (VMOS),12.68,7412.20.00,Petróleo y Gas,Río Negro,RIGI - VMOS S. A.             ,202505,202607
2025,6,Vaca Muerta Oleoducto Sur (VMOS),832.01,8515.21.00,Petróleo y Gas,Río Negro,RIGI - VMOS S. A.             ,202505,202607
2025,6,Vaca Muerta Oleoducto Sur (VMOS),697.31,3917.23.00,Petróleo y Gas,Río Negro,RIGI - VMOS S. A.             ,202505,202607
2025,6,Vaca Muerta Oleoducto Sur (VMOS),87.16,3917.40.90,Petróleo y Gas,Río Negro,RIGI - VMOS S. A.             ,202505,202607
2025,6,Vaca Muerta Oleoducto Sur (VMOS),7.92,3917.40.90,Petróleo y Gas,Río Negro,RIGI - VMOS S. A.             ,202505,202607
2025,6,Vaca Muerta Oleoducto Sur (VMOS),278.92,8547.20.90,Petróleo y Gas,Río Negro,RIGI - VMOS S. A.             ,202505,202607
2025,7,Proyecto Rincón,398.21,8481.80.95,Minería,Salta,RIGI - RINCON MINING PTY LIMIT,202507,202607
2025,7,Proyecto Rincón,42.68,8481.80.95,Minería,Salta,RIGI - RINCON MINING PTY LIMIT,202507,202607
2025,7,Proyecto Rincón,32.78,8481.80.95,Minería,Salta,RIGI - RINCON MINING PTY LIMIT,202507,202607
2025,7,Proyecto Rincón,154.28,8481.80.95,Minería,Salta,RIGI - RINCON MINING PTY LIMIT,202507,202607
2025,7,Proyecto Rincón,318.78,8536.90.90,Minería,Salta,RIGI - RINCON MINING PTY LIMIT,202507,202607
2025,7,Proyecto Rincón,9367.99,9026.10.11,Minería,Salta,RIGI - RINCON MINING PTY LIMIT,202507,202607
2025,7,Vaca Muerta Oleoducto Sur (VMOS),307.2,3917.40.90,Petróleo y Gas,Río Negro,RIGI - VMOS S. A.             ,202505,202607
2025,7,Vaca Muerta Oleoducto Sur (VMOS),596.09,8547.20.90,Petróleo y Gas,Río Negro,RIGI - VMOS S. A.             ,202505,202607
2025,7,Vaca Muerta Oleoducto Sur (VMOS),2555.46,8544.49.00,Petróleo y Gas,Río Negro,RIGI - VMOS S. A.             ,202505,202607
2025,7,Proyecto Rincón,1133.79,8481.30.00,Minería,Salta,RIGI - RINCON MINING PTY LIMIT,202507,202607
2025,7,Proyecto Rincón,56.29,8481.80.95,Minería,Salta,RIGI - RINCON MINING PTY LIMIT,202507,202607
2025,7,Proyecto Rincón,72.63,3926.90.90,Minería,Salta,RIGI - RINCON MINING PTY LIMIT,202507,202607
2025,7,Proyecto Rincón,753.39,3917.39.00,Minería,Salta,RIGI - RINCON MINING PTY LIMIT,202507,202607
2025,7,Vaca Muerta Oleoducto Sur (VMOS),1226.4,3917.23.00,Petróleo y Gas,Río Negro,RIGI - VMOS S. A.             ,202505,202607
2025,7,Vaca Muerta Oleoducto Sur (VMOS),194.99,7412.20.00,Petróleo y Gas,Río Negro,RIGI - VMOS S. A.             ,202505,202607
2025,7,Proyecto Rincón,11752,8504.40.90,Minería,Salta,RIGI - RINCON MINING PTY LIMIT,202507,202607
2025,7,Proyecto Rincón,89,8481.80.99,Minería,Salta,RIGI - RINCON MINING PTY LIMIT,202507,202607
2025,8,Proyecto Rincón,7649.62,3917.39.00,Minería,Salta,RIGI - RINCON MINING PTY LIMIT,202507,202607
2025,8,Parque Solar El Quemado y Anexos,9667.4,8537.10.90,Energía,Mendoza,RIGI - LUZ DEL CAMPO S. A.    ,202501,202607
2025,8,Proyecto Rincón,9143.55,5911.90.00,Minería,Salta,RIGI - RINCON MINING PTY LIMIT,202507,202607
2025,8,Proyecto Siderúrgico Argentino Sidersa,2059405,8426.19.00,Siderurgia,Buenos Aires,RIGI - SIDERSA ACERIA SDE     ,202508,202607
2025,8,Proyecto Siderúrgico Argentino Sidersa,270695,8421.21.00,Siderurgia,Buenos Aires,RIGI - SIDERSA ACERIA SDE     ,202508,202607
2025,8,Proyecto Siderúrgico Argentino Sidersa,711125,8419.89.99,Siderurgia,Buenos Aires,RIGI - SIDERSA ACERIA SDE     ,202508,202607
2025,8,Proyecto Siderúrgico Argentino Sidersa,73839,8479.89.99,Siderurgia,Buenos Aires,RIGI - SIDERSA ACERIA SDE     ,202508,202607
2025,8,Proyecto Siderúrgico Argentino Sidersa,5437759,8426.19.00,Siderurgia,Buenos Aires,RIGI - SIDERSA ACERIA SDE     ,202508,202607
2025,8,Proyecto Siderúrgico Argentino Sidersa,113351,7309.00.90,Siderurgia,Buenos Aires,RIGI - SIDERSA ACERIA SDE     ,202508,202607
2025,8,Proyecto Siderúrgico Argentino Sidersa,144579,8481.80.99,Siderurgia,Buenos Aires,RIGI - SIDERSA ACERIA SDE     ,202508,202607
2025,8,Proyecto Siderúrgico Argentino Sidersa,624367,8514.90.00,Siderurgia,Buenos Aires,RIGI - SIDERSA ACERIA SDE     ,202508,202607
2025,8,Proyecto Siderúrgico Argentino Sidersa,235235,8425.11.00,Siderurgia,Buenos Aires,RIGI - SIDERSA ACERIA SDE     ,202508,202607
2025,8,Proyecto Siderúrgico Argentino Sidersa,1309018,8454.90.90,Siderurgia,Buenos Aires,RIGI - SIDERSA ACERIA SDE     ,202508,202607
2025,8,Proyecto Siderúrgico Argentino Sidersa,124962,8481.20.90,Siderurgia,Buenos Aires,RIGI - SIDERSA ACERIA SDE     ,202508,202607
2025,8,Proyecto Siderúrgico Argentino Sidersa,1066788,8514.90.00,Siderurgia,Buenos Aires,RIGI - SIDERSA ACERIA SDE     ,202508,202607
2025,8,Vaca Muerta Oleoducto Sur (VMOS),805630,8481.80.93,Petróleo y Gas,Río Negro,RIGI - VMOS S. A.             ,202505,202607
2025,6,Parque Solar El Quemado y Anexos,1260109.76,8504.22.00,Energía,Mendoza,RIGI - LUZ DEL CAMPO S. A.    ,202501,202607
2025,6,Vaca Muerta Oleoducto Sur (VMOS),124874.83,8108.90.00,Petróleo y Gas,Río Negro,RIGI - VMOS S. A.             ,202505,202607
2025,6,Vaca Muerta Oleoducto Sur (VMOS),37445.8,8544.49.00,Petróleo y Gas,Río Negro,RIGI - VMOS S. A.             ,202505,202607
2025,6,Vaca Muerta Oleoducto Sur (VMOS),36.45,5603.14.90,Petróleo y Gas,Río Negro,RIGI - VMOS S. A.             ,202505,202607
2025,6,Vaca Muerta Oleoducto Sur (VMOS),7.92,3926.90.90,Petróleo y Gas,Río Negro,RIGI - VMOS S. A.             ,202505,202607
2025,6,Vaca Muerta Oleoducto Sur (VMOS),178.29,9030.31.00,Petróleo y Gas,Río Negro,RIGI - VMOS S. A.             ,202505,202607
2025,8,Proyecto Siderúrgico Argentino Sidersa,85040,8426.99.00,Siderurgia,Buenos Aires,RIGI - SIDERSA ACERIA SDE     ,202508,202607
2025,8,Proyecto Siderúrgico Argentino Sidersa,3609576,8455.90.00,Siderurgia,Buenos Aires,RIGI - SIDERSA ACERIA SDE     ,202508,202607
2025,7,Vaca Muerta Oleoducto Sur (VMOS),197.77,3917.40.90,Petróleo y Gas,Río Negro,RIGI - VMOS S. A.             ,202505,202607
2025,7,Vaca Muerta Oleoducto Sur (VMOS),197.77,3926.90.90,Petróleo y Gas,Río Negro,RIGI - VMOS S. A.             ,202505,202607
2025,7,Vaca Muerta Oleoducto Sur (VMOS),1407.32,8544.49.00,Petróleo y Gas,Río Negro,RIGI - VMOS S. A.             ,202505,202607
2025,7,Vaca Muerta Oleoducto Sur (VMOS),2034.62,8544.49.00,Petróleo y Gas,Río Negro,RIGI - VMOS S. A.             ,202505,202607
2025,7,Vaca Muerta Oleoducto Sur (VMOS),520.24,8544.49.00,Petróleo y Gas,Río Negro,RIGI - VMOS S. A.             ,202505,202607
2025,7,Proyecto Rincón,240.48,8481.80.95,Minería,Salta,RIGI - RINCON MINING PTY LIMIT,202507,202607
2025,7,Proyecto Rincón,392.48,8481.80.95,Minería,Salta,RIGI - RINCON MINING PTY LIMIT,202507,202607
2025,7,Proyecto Rincón,1300.37,8481.80.95,Minería,Salta,RIGI - RINCON MINING PTY LIMIT,202507,202607
2025,7,Proyecto Rincón,329.56,8536.90.90,Minería,Salta,RIGI - RINCON MINING PTY LIMIT,202507,202607
2025,7,Proyecto Rincón,1858.01,8481.10.00,Minería,Salta,RIGI - RINCON MINING PTY LIMIT,202507,202607
2025,7,Proyecto Rincón,56.91,8481.80.95,Minería,Salta,RIGI - RINCON MINING PTY LIMIT,202507,202607
2025,7,Proyecto Rincón,276.05,8481.80.95,Minería,Salta,RIGI - RINCON MINING PTY LIMIT,202507,202607
2025,7,Proyecto Rincón,38.97,8481.80.95,Minería,Salta,RIGI - RINCON MINING PTY LIMIT,202507,202607
2025,7,Proyecto Rincón,181.19,8481.80.95,Minería,Salta,RIGI - RINCON MINING PTY LIMIT,202507,202607
2025,7,Vaca Muerta Oleoducto Sur (VMOS),3900.41,8544.42.00,Petróleo y Gas,Río Negro,RIGI - VMOS S. A.             ,202505,202607
2025,7,Vaca Muerta Oleoducto Sur (VMOS),393.49,8544.49.00,Petróleo y Gas,Río Negro,RIGI - VMOS S. A.             ,202505,202607
2025,7,Vaca Muerta Oleoducto Sur (VMOS),1787.51,8544.49.00,Petróleo y Gas,Río Negro,RIGI - VMOS S. A.             ,202505,202607
2025,8,Parque Solar El Quemado y Anexos,2234154.25,8537.20.10,Energía,Mendoza,RIGI - LUZ DEL CAMPO S. A.    ,202501,202607
2025,8,Proyecto Rincón,9248.32,8421.91.99,Minería,Salta,RIGI - RINCON MINING PTY LIMIT,202507,202607
2025,8,Proyecto Siderúrgico Argentino Sidersa,1970050,8421.99.10,Siderurgia,Buenos Aires,RIGI - SIDERSA ACERIA SDE     ,202508,202607
2025,8,Proyecto Siderúrgico Argentino Sidersa,237220,8426.20.00,Siderurgia,Buenos Aires,RIGI - SIDERSA ACERIA SDE     ,202508,202607
2025,8,Proyecto Siderúrgico Argentino Sidersa,134053,8481.80.92,Siderurgia,Buenos Aires,RIGI - SIDERSA ACERIA SDE     ,202508,202607
2025,8,Proyecto Siderúrgico Argentino Sidersa,366648,8481.80.99,Siderurgia,Buenos Aires,RIGI - SIDERSA ACERIA SDE     ,202508,202607
2025,6,Vaca Muerta Oleoducto Sur (VMOS),304.51,7409.19.00,Petróleo y Gas,Río Negro,RIGI - VMOS S. A.             ,202505,202607
2025,6,Vaca Muerta Oleoducto Sur (VMOS),2472.27,9030.90.90,Petróleo y Gas,Río Negro,RIGI - VMOS S. A.             ,202505,202607
2025,6,Vaca Muerta Oleoducto Sur (VMOS),4120.46,8544.49.00,Petróleo y Gas,Río Negro,RIGI - VMOS S. A.             ,202505,202607
2025,5,Vaca Muerta Oleoducto Sur (VMOS),5000,7309.00.90,Petróleo y Gas,Río Negro,RIGI - VMOS S. A.             ,202505,202607
2025,7,Proyecto Rincón,165.52,3917.32.90,Minería,Salta,RIGI - RINCON MINING PTY LIMIT,202507,202607
2025,7,Proyecto Rincón,26478.23,8413.50.90,Minería,Salta,RIGI - RINCON MINING PTY LIMIT,202507,202607
2025,6,Vaca Muerta Oleoducto Sur (VMOS),4564.19,9030.90.90,Petróleo y Gas,Río Negro,RIGI - VMOS S. A.             ,202505,202607
2025,7,Vaca Muerta Oleoducto Sur (VMOS),424.19,8108.90.00,Petróleo y Gas,Río Negro,RIGI - VMOS S. A.             ,202505,202607
2025,7,Vaca Muerta Oleoducto Sur (VMOS),230.8,5911.90.00,Petróleo y Gas,Río Negro,RIGI - VMOS S. A.             ,202505,202607
2025,8,Proyecto Siderúrgico Argentino Sidersa,101843,8421.99.10,Siderurgia,Buenos Aires,RIGI - SIDERSA ACERIA SDE     ,202508,202607
2025,8,Proyecto Siderúrgico Argentino Sidersa,795118,8421.99.10,Siderurgia,Buenos Aires,RIGI - SIDERSA ACERIA SDE     ,202508,202607
2025,8,Proyecto Siderúrgico Argentino Sidersa,104977,8421.39.90,Siderurgia,Buenos Aires,RIGI - SIDERSA ACERIA SDE     ,202508,202607
2025,6,Vaca Muerta Oleoducto Sur (VMOS),59.43,9030.90.90,Petróleo y Gas,Río Negro,RIGI - VMOS S. A.             ,202505,202607
2025,7,Vaca Muerta Oleoducto Sur (VMOS),7051.94,9030.90.90,Petróleo y Gas,Río Negro,RIGI - VMOS S. A.             ,202505,202607
2025,7,Vaca Muerta Oleoducto Sur (VMOS),494.22,9030.90.90,Petróleo y Gas,Río Negro,RIGI - VMOS S. A.             ,202505,202607
2025,7,Proyecto Rincón,402.6,8481.10.00,Minería,Salta,RIGI - RINCON MINING PTY LIMIT,202507,202607
2025,10,Proyecto Rincón,75.56,7318.24.00,Minería,Salta,RIGI - RINCON MINING PTY LIMIT,202507,202607
2025,10,Proyecto Rincón,10777.94,7326.20.00,Minería,Salta,RIGI - RINCON MINING PTY LIMIT,202507,202607
2025,9,Parque Solar El Quemado y Anexos,235157.61,8479.89.99,Energía,Mendoza,RIGI - LUZ DEL CAMPO S. A.    ,202501,202607
2025,9,Parque Solar El Quemado y Anexos,5221.7,8419.50.90,Energía,Mendoza,RIGI - LUZ DEL CAMPO S. A.    ,202501,202607
2025,9,Parque Solar El Quemado y Anexos,1606.46,8504.31.11,Energía,Mendoza,RIGI - LUZ DEL CAMPO S. A.    ,202501,202607
2025,9,Parque Solar El Quemado y Anexos,1464.52,8504.40.29,Energía,Mendoza,RIGI - LUZ DEL CAMPO S. A.    ,202501,202607
2025,9,Parque Solar El Quemado y Anexos,69608.1,8504.40.40,Energía,Mendoza,RIGI - LUZ DEL CAMPO S. A.    ,202501,202607
2025,9,Parque Solar El Quemado y Anexos,554.6,9026.10.29,Energía,Mendoza,RIGI - LUZ DEL CAMPO S. A.    ,202501,202607
2025,9,Parque Solar El Quemado y Anexos,406.08,9032.10.90,Energía,Mendoza,RIGI - LUZ DEL CAMPO S. A.    ,202501,202607
2025,9,Parque Solar El Quemado y Anexos,268706.98,8479.89.99,Energía,Mendoza,RIGI - LUZ DEL CAMPO S. A.    ,202501,202607
2025,9,Parque Solar El Quemado y Anexos,170308,8479.89.99,Energía,Mendoza,RIGI - LUZ DEL CAMPO S. A.    ,202501,202607
2025,9,Parque Solar El Quemado y Anexos,7754.73,9031.80.99,Energía,Mendoza,RIGI - LUZ DEL CAMPO S. A.    ,202501,202607
2025,9,Parque Solar El Quemado y Anexos,178977.98,8479.89.99,Energía,Mendoza,RIGI - LUZ DEL CAMPO S. A.    ,202501,202607
2025,9,Parque Solar El Quemado y Anexos,162841.75,8479.89.99,Energía,Mendoza,RIGI - LUZ DEL CAMPO S. A.    ,202501,202607
2025,9,Parque Solar El Quemado y Anexos,188210.18,8479.89.99,Energía,Mendoza,RIGI - LUZ DEL CAMPO S. A.    ,202501,202607
2025,9,Parque Solar El Quemado y Anexos,236387.7,8479.89.99,Energía,Mendoza,RIGI - LUZ DEL CAMPO S. A.    ,202501,202607
2025,9,Parque Solar El Quemado y Anexos,165432,8479.89.99,Energía,Mendoza,RIGI - LUZ DEL CAMPO S. A.    ,202501,202607
2025,9,Parque Solar El Quemado y Anexos,177092,8479.89.99,Energía,Mendoza,RIGI - LUZ DEL CAMPO S. A.    ,202501,202607
2025,10,Proyecto Rincón,2097.84,8414.59.90,Minería,Salta,RIGI - RINCON MINING PTY LIMIT,202507,202607
2025,9,Parque Solar El Quemado y Anexos,175416,8479.89.99,Energía,Mendoza,RIGI - LUZ DEL CAMPO S. A.    ,202501,202607
2025,9,Proyecto Rincón,98.64,7326.90.90,Minería,Salta,RIGI - RINCON MINING PTY LIMIT,202507,202607
2025,9,Proyecto Rincón,18.49,4016.93.00,Minería,Salta,RIGI - RINCON MINING PTY LIMIT,202507,202607
2025,9,Proyecto Rincón,40.07,4016.93.00,Minería,Salta,RIGI - RINCON MINING PTY LIMIT,202507,202607
2025,9,Proyecto Rincón,22.61,4016.93.00,Minería,Salta,RIGI - RINCON MINING PTY LIMIT,202507,202607
2025,9,Proyecto Rincón,135.63,7326.90.90,Minería,Salta,RIGI - RINCON MINING PTY LIMIT,202507,202607
2025,9,Proyecto Rincón,147.96,7326.90.90,Minería,Salta,RIGI - RINCON MINING PTY LIMIT,202507,202607
2025,9,Proyecto Rincón,172.62,7326.90.90,Minería,Salta,RIGI - RINCON MINING PTY LIMIT,202507,202607
2025,9,Proyecto Rincón,293.87,8482.10.90,Minería,Salta,RIGI - RINCON MINING PTY LIMIT,202507,202607
2025,9,Proyecto Rincón,126.38,7318.16.00,Minería,Salta,RIGI - RINCON MINING PTY LIMIT,202507,202607
2025,9,Proyecto Rincón,8.22,7318.22.00,Minería,Salta,RIGI - RINCON MINING PTY LIMIT,202507,202607
2025,9,Proyecto Rincón,41.1,4016.93.00,Minería,Salta,RIGI - RINCON MINING PTY LIMIT,202507,202607
2025,9,Parque Solar El Quemado y Anexos,245310.24,8479.89.99,Energía,Mendoza,RIGI - LUZ DEL CAMPO S. A.    ,202501,202607
2025,9,Parque Solar El Quemado y Anexos,981.36,8504.32.21,Energía,Mendoza,RIGI - LUZ DEL CAMPO S. A.    ,202501,202607
2025,9,Parque Solar El Quemado y Anexos,1184.4,8536.10.00,Energía,Mendoza,RIGI - LUZ DEL CAMPO S. A.    ,202501,202607
2025,9,Parque Solar El Quemado y Anexos,315.84,8536.49.00,Energía,Mendoza,RIGI - LUZ DEL CAMPO S. A.    ,202501,202607
2025,9,Parque Solar El Quemado y Anexos,2451.52,8536.50.90,Energía,Mendoza,RIGI - LUZ DEL CAMPO S. A.    ,202501,202607
2025,9,Parque Solar El Quemado y Anexos,9916.24,8536.90.90,Energía,Mendoza,RIGI - LUZ DEL CAMPO S. A.    ,202501,202607
2025,9,Parque Solar El Quemado y Anexos,1054.68,9027.89.99,Energía,Mendoza,RIGI - LUZ DEL CAMPO S. A.    ,202501,202607
2025,9,Parque Solar El Quemado y Anexos,5188.8,9032.89.90,Energía,Mendoza,RIGI - LUZ DEL CAMPO S. A.    ,202501,202607
2025,9,Proyecto Rincón,11191.73,8517.62.99,Minería,Salta,RIGI - RINCON MINING PTY LIMIT,202507,202607
2025,9,Vaca Muerta Oleoducto Sur (VMOS),725067,8481.80.93,Petróleo y Gas,Río Negro,RIGI - VMOS S. A.             ,202505,202607
2025,9,Vaca Muerta Oleoducto Sur (VMOS),323.62,7307.93.00,Petróleo y Gas,Río Negro,RIGI - VMOS S. A.             ,202505,202607
2025,9,Vaca Muerta Oleoducto Sur (VMOS),187.91,7307.93.00,Petróleo y Gas,Río Negro,RIGI - VMOS S. A.             ,202505,202607
2025,9,Vaca Muerta Oleoducto Sur (VMOS),21.52,7307.93.00,Petróleo y Gas,Río Negro,RIGI - VMOS S. A.             ,202505,202607
2025,9,Vaca Muerta Oleoducto Sur (VMOS),42.08,7307.93.00,Petróleo y Gas,Río Negro,RIGI - VMOS S. A.             ,202505,202607
2025,9,Vaca Muerta Oleoducto Sur (VMOS),34.77,7307.99.00,Petróleo y Gas,Río Negro,RIGI - VMOS S. A.             ,202505,202607
2025,9,Vaca Muerta Oleoducto Sur (VMOS),13.24,7307.99.00,Petróleo y Gas,Río Negro,RIGI - VMOS S. A.             ,202505,202607
2025,9,Vaca Muerta Oleoducto Sur (VMOS),9.95,7307.99.00,Petróleo y Gas,Río Negro,RIGI - VMOS S. A.             ,202505,202607
2025,9,Vaca Muerta Oleoducto Sur (VMOS),44,7307.99.00,Petróleo y Gas,Río Negro,RIGI - VMOS S. A.             ,202505,202607
2025,9,Vaca Muerta Oleoducto Sur (VMOS),6.63,7307.99.00,Petróleo y Gas,Río Negro,RIGI - VMOS S. A.             ,202505,202607
2025,9,Vaca Muerta Oleoducto Sur (VMOS),50.28,7307.99.00,Petróleo y Gas,Río Negro,RIGI - VMOS S. A.             ,202505,202607
2025,9,Vaca Muerta Oleoducto Sur (VMOS),165.53,7307.93.00,Petróleo y Gas,Río Negro,RIGI - VMOS S. A.             ,202505,202607
2025,9,Vaca Muerta Oleoducto Sur (VMOS),143.8,7307.93.00,Petróleo y Gas,Río Negro,RIGI - VMOS S. A.             ,202505,202607
2025,9,Vaca Muerta Oleoducto Sur (VMOS),75.98,7307.93.00,Petróleo y Gas,Río Negro,RIGI - VMOS S. A.             ,202505,202607
2025,9,Vaca Muerta Oleoducto Sur (VMOS),10.32,7307.93.00,Petróleo y Gas,Río Negro,RIGI - VMOS S. A.             ,202505,202607
2025,9,Vaca Muerta Oleoducto Sur (VMOS),41.28,7307.93.00,Petróleo y Gas,Río Negro,RIGI - VMOS S. A.             ,202505,202607
2025,9,Proyecto Rincón,10.28,4016.93.00,Minería,Salta,RIGI - RINCON MINING PTY LIMIT,202507,202607
2025,9,Proyecto Rincón,302.09,7326.90.90,Minería,Salta,RIGI - RINCON MINING PTY LIMIT,202507,202607
2025,9,Proyecto Rincón,2637.6,8483.10.90,Minería,Salta,RIGI - RINCON MINING PTY LIMIT,202507,202607
2025,9,Proyecto Rincón,90.42,7320.20.10,Minería,Salta,RIGI - RINCON MINING PTY LIMIT,202507,202607
2025,9,Vaca Muerta Oleoducto Sur (VMOS),4994495.72,7309.00.90,Petróleo y Gas,Río Negro,RIGI - VMOS S. A.             ,202505,202607
2025,9,Vaca Muerta Oleoducto Sur (VMOS),1060882.69,7309.00.90,Petróleo y Gas,Río Negro,RIGI - VMOS S. A.             ,202505,202607
2025,9,Vaca Muerta Oleoducto Sur (VMOS),54876221.3,7309.00.90,Petróleo y Gas,Río Negro,RIGI - VMOS S. A.             ,202505,202607
2025,9,Vaca Muerta Oleoducto Sur (VMOS),186.23,7307.93.00,Petróleo y Gas,Río Negro,RIGI - VMOS S. A.             ,202505,202607
2025,9,Vaca Muerta Oleoducto Sur (VMOS),8.58,7307.99.00,Petróleo y Gas,Río Negro,RIGI - VMOS S. A.             ,202505,202607
2025,9,Vaca Muerta Oleoducto Sur (VMOS),4.96,7307.99.00,Petróleo y Gas,Río Negro,RIGI - VMOS S. A.             ,202505,202607
2025,9,Vaca Muerta Oleoducto Sur (VMOS),6.27,7307.99.00,Petróleo y Gas,Río Negro,RIGI - VMOS S. A.             ,202505,202607
2025,9,Vaca Muerta Oleoducto Sur (VMOS),8.11,7307.93.00,Petróleo y Gas,Río Negro,RIGI - VMOS S. A.             ,202505,202607
2025,9,Vaca Muerta Oleoducto Sur (VMOS),25.33,7307.93.00,Petróleo y Gas,Río Negro,RIGI - VMOS S. A.             ,202505,202607
2025,9,Vaca Muerta Oleoducto Sur (VMOS),6.95,7307.93.00,Petróleo y Gas,Río Negro,RIGI - VMOS S. A.             ,202505,202607
2025,10,Parque Solar El Quemado y Anexos,144936,8479.89.99,Energía,Mendoza,RIGI - LUZ DEL CAMPO S. A.    ,202501,202607
2025,10,Parque Solar El Quemado y Anexos,159984.17,8479.89.99,Energía,Mendoza,RIGI - LUZ DEL CAMPO S. A.    ,202501,202607
2025,10,Parque Solar El Quemado y Anexos,225917.59,8541.43.00,Energía,Mendoza,RIGI - LUZ DEL CAMPO S. A.    ,202501,202607
2025,10,Parque Solar El Quemado y Anexos,157293.93,8479.89.99,Energía,Mendoza,RIGI - LUZ DEL CAMPO S. A.    ,202501,202607
2025,10,Parque Solar El Quemado y Anexos,195918,8479.89.99,Energía,Mendoza,RIGI - LUZ DEL CAMPO S. A.    ,202501,202607
2025,10,Parque Solar El Quemado y Anexos,222907.59,8541.43.00,Energía,Mendoza,RIGI - LUZ DEL CAMPO S. A.    ,202501,202607
2025,10,Parque Solar El Quemado y Anexos,267489.11,8541.43.00,Energía,Mendoza,RIGI - LUZ DEL CAMPO S. A.    ,202501,202607
2025,10,Parque Solar El Quemado y Anexos,178396,8479.89.99,Energía,Mendoza,RIGI - LUZ DEL CAMPO S. A.    ,202501,202607
2025,10,Parque Solar El Quemado y Anexos,188376,8479.89.99,Energía,Mendoza,RIGI - LUZ DEL CAMPO S. A.    ,202501,202607
2025,10,Parque Solar El Quemado y Anexos,600,7311.00.00,Energía,Mendoza,RIGI - LUZ DEL CAMPO S. A.    ,202501,202607
2025,10,Parque Solar El Quemado y Anexos,171139.65,8479.89.99,Energía,Mendoza,RIGI - LUZ DEL CAMPO S. A.    ,202501,202607
2025,10,Parque Solar El Quemado y Anexos,187955.87,8479.89.99,Energía,Mendoza,RIGI - LUZ DEL CAMPO S. A.    ,202501,202607
2025,10,Parque Solar El Quemado y Anexos,195351.29,8479.89.99,Energía,Mendoza,RIGI - LUZ DEL CAMPO S. A.    ,202501,202607
2025,10,Parque Solar El Quemado y Anexos,246095.12,8479.89.99,Energía,Mendoza,RIGI - LUZ DEL CAMPO S. A.    ,202501,202607
2025,10,Parque Solar El Quemado y Anexos,339.72,3506.10.90,Energía,Mendoza,RIGI - LUZ DEL CAMPO S. A.    ,202501,202607
2025,10,Parque Solar El Quemado y Anexos,77.09,7318.21.00,Energía,Mendoza,RIGI - LUZ DEL CAMPO S. A.    ,202501,202607
2025,10,Parque Solar El Quemado y Anexos,6.12,7318.22.00,Energía,Mendoza,RIGI - LUZ DEL CAMPO S. A.    ,202501,202607
2025,10,Parque Solar El Quemado y Anexos,291.24,7326.90.90,Energía,Mendoza,RIGI - LUZ DEL CAMPO S. A.    ,202501,202607
2025,10,Parque Solar El Quemado y Anexos,300,8517.62.99,Energía,Mendoza,RIGI - LUZ DEL CAMPO S. A.    ,202501,202607
2025,10,Parque Solar El Quemado y Anexos,192497.13,8479.89.99,Energía,Mendoza,RIGI - LUZ DEL CAMPO S. A.    ,202501,202607
2025,11,Parque Eólico Olavarría,250447.21,7308.90.90,Energía,Buenos Aires,RIGI - GENERACION ELECTRICA AR,202511,202607
2025,11,Proyecto Rincón,17963.44,8421.39.90,Minería,Salta,RIGI - RINCON MINING PTY LIMIT,202507,202607
2025,10,Parque Solar El Quemado y Anexos,4410,8537.10.20,Energía,Mendoza,RIGI - LUZ DEL CAMPO S. A.    ,202501,202607
2025,10,Parque Solar El Quemado y Anexos,271101.11,8541.43.00,Energía,Mendoza,RIGI - LUZ DEL CAMPO S. A.    ,202501,202607
2025,10,Parque Solar El Quemado y Anexos,180504,8479.89.99,Energía,Mendoza,RIGI - LUZ DEL CAMPO S. A.    ,202501,202607
2025,10,Parque Solar El Quemado y Anexos,184536,8479.89.99,Energía,Mendoza,RIGI - LUZ DEL CAMPO S. A.    ,202501,202607
2025,10,Parque Solar El Quemado y Anexos,197856,8479.89.99,Energía,Mendoza,RIGI - LUZ DEL CAMPO S. A.    ,202501,202607
2025,10,Parque Solar El Quemado y Anexos,175505.48,8479.89.99,Energía,Mendoza,RIGI - LUZ DEL CAMPO S. A.    ,202501,202607
2025,10,Parque Solar El Quemado y Anexos,268081.73,8479.89.99,Energía,Mendoza,RIGI - LUZ DEL CAMPO S. A.    ,202501,202607
2025,10,Parque Solar El Quemado y Anexos,488.32,7318.22.00,Energía,Mendoza,RIGI - LUZ DEL CAMPO S. A.    ,202501,202607
2025,10,Parque Solar El Quemado y Anexos,114.48,8544.42.00,Energía,Mendoza,RIGI - LUZ DEL CAMPO S. A.    ,202501,202607
2025,11,Proyecto de Licuefacción de Gas Natural (FLNG - Southern Energy),275127.92,7305.11.00,Petróleo y Gas,Río Negro,RIGI - SOUTHERN ENERGY S. A.  ,202511,202603
2025,11,Proyecto de Licuefacción de Gas Natural (FLNG - Southern Energy),11489.54,7305.11.00,Petróleo y Gas,Río Negro,RIGI - SOUTHERN ENERGY S. A.  ,202511,202603
2025,11,Hombre Muerto Oeste (HMW),9092,8477.20.10,Minería,Catamarca,RIGI - GALAN LITIO SDE        ,202511,202607
2025,11,Hombre Muerto Oeste (HMW),9772,9031.20.90,Minería,Catamarca,RIGI - GALAN LITIO SDE        ,202511,202607
2025,11,Hombre Muerto Oeste (HMW),99,8467.99.00,Minería,Catamarca,RIGI - GALAN LITIO SDE        ,202511,202607
2025,11,Proyecto Rincón,4981,7311.00.00,Minería,Salta,RIGI - RINCON MINING PTY LIMIT,202507,202607
2025,11,Proyecto Rincón,1150,8421.39.90,Minería,Salta,RIGI - RINCON MINING PTY LIMIT,202507,202607
2025,11,Parque Solar El Quemado y Anexos,25090.56,8483.30.90,Energía,Mendoza,RIGI - LUZ DEL CAMPO S. A.    ,202501,202607
2025,11,Proyecto Rincón,532995,8421.29.90,Minería,Salta,RIGI - RINCON MINING PTY LIMIT,202507,202607
2025,11,Parque Solar El Quemado y Anexos,267489.11,8541.43.00,Energía,Mendoza,RIGI - LUZ DEL CAMPO S. A.    ,202501,202607
2025,11,Parque Solar El Quemado y Anexos,29736.96,8479.89.99,Energía,Mendoza,RIGI - LUZ DEL CAMPO S. A.    ,202501,202607
2025,11,Parque Solar El Quemado y Anexos,3724.38,8479.89.99,Energía,Mendoza,RIGI - LUZ DEL CAMPO S. A.    ,202501,202607
2025,11,Parque Solar El Quemado y Anexos,529295.19,8537.10.20,Energía,Mendoza,RIGI - LUZ DEL CAMPO S. A.    ,202501,202607
2025,11,Proyecto de Licuefacción de Gas Natural (FLNG - Southern Energy),2810722.24,7305.11.00,Petróleo y Gas,Río Negro,RIGI - SOUTHERN ENERGY S. A.  ,202511,202603
2025,11,Proyecto de Licuefacción de Gas Natural (FLNG - Southern Energy),942075.32,7305.11.00,Petróleo y Gas,Río Negro,RIGI - SOUTHERN ENERGY S. A.  ,202511,202603
2025,11,Proyecto de Licuefacción de Gas Natural (FLNG - Southern Energy),168482.49,7305.11.00,Petróleo y Gas,Río Negro,RIGI - SOUTHERN ENERGY S. A.  ,202511,202603
2025,11,Proyecto Rincón,14369,8505.19.10,Minería,Salta,RIGI - RINCON MINING PTY LIMIT,202507,202607
2025,11,Hombre Muerto Oeste (HMW),2689,8477.80.90,Minería,Catamarca,RIGI - GALAN LITIO SDE        ,202511,202607
2025,11,Hombre Muerto Oeste (HMW),528,8467.29.99,Minería,Catamarca,RIGI - GALAN LITIO SDE        ,202511,202607
2025,11,Hombre Muerto Oeste (HMW),2282,8414.10.00,Minería,Catamarca,RIGI - GALAN LITIO SDE        ,202511,202607
2025,11,Proyecto Rincón,16017.66,8421.91.99,Minería,Salta,RIGI - RINCON MINING PTY LIMIT,202507,202607
2025,11,Parque Solar El Quemado y Anexos,3.09,7318.15.00,Energía,Mendoza,RIGI - LUZ DEL CAMPO S. A.    ,202501,202607
2025,11,Parque Solar El Quemado y Anexos,3.09,7318.21.00,Energía,Mendoza,RIGI - LUZ DEL CAMPO S. A.    ,202501,202607
2025,11,Parque Solar El Quemado y Anexos,21587.61,8483.30.90,Energía,Mendoza,RIGI - LUZ DEL CAMPO S. A.    ,202501,202607
2025,11,Parque Solar El Quemado y Anexos,222907.59,8541.43.00,Energía,Mendoza,RIGI - LUZ DEL CAMPO S. A.    ,202501,202607
2025,11,Parque Solar El Quemado y Anexos,225147.59,8541.43.00,Energía,Mendoza,RIGI - LUZ DEL CAMPO S. A.    ,202501,202607
2025,12,Parque Solar El Quemado y Anexos,1026151.94,8504.23.00,Energía,Mendoza,RIGI - LUZ DEL CAMPO S. A.    ,202501,202607
2025,12,Proyecto Rincón,2932.43,9015.80.90,Minería,Salta,RIGI - RINCON MINING PTY LIMIT,202507,202607
2025,12,Proyecto Rincón,1392.9,8517.62.94,Minería,Salta,RIGI - RINCON MINING PTY LIMIT,202507,202607
2025,10,Proyecto Rincón,1680.88,8484.20.00,Minería,Salta,RIGI - RINCON MINING PTY LIMIT,202507,202607
2025,10,Proyecto Rincón,1396.42,8208.90.00,Minería,Salta,RIGI - RINCON MINING PTY LIMIT,202507,202607
2025,10,Proyecto Rincón,1684.41,8421.91.99,Minería,Salta,RIGI - RINCON MINING PTY LIMIT,202507,202607
2025,12,Vaca Muerta Oleoducto Sur (VMOS),644916.64,7309.00.90,Petróleo y Gas,Río Negro,RIGI - VMOS S. A.             ,202505,202607
2025,12,Vaca Muerta Oleoducto Sur (VMOS),17070.24,7309.00.90,Petróleo y Gas,Río Negro,RIGI - VMOS S. A.             ,202505,202607
2025,12,Vaca Muerta Oleoducto Sur (VMOS),2388993.05,7305.11.00,Petróleo y Gas,Río Negro,RIGI - VMOS S. A.             ,202505,202607
2025,12,Vaca Muerta Oleoducto Sur (VMOS),2447.89,7306.19.00,Petróleo y Gas,Río Negro,RIGI - VMOS S. A.             ,202505,202607
2025,12,Vaca Muerta Oleoducto Sur (VMOS),72649.96,9403.30.00,Petróleo y Gas,Río Negro,RIGI - VMOS S. A.             ,202505,202607
2025,12,Vaca Muerta Oleoducto Sur (VMOS),20453.42,9401.39.00,Petróleo y Gas,Río Negro,RIGI - VMOS S. A.             ,202505,202607
2025,12,Vaca Muerta Oleoducto Sur (VMOS),54348.86,9403.10.00,Petróleo y Gas,Río Negro,RIGI - VMOS S. A.             ,202505,202607
2025,12,Vaca Muerta Oleoducto Sur (VMOS),3440.28,9403.10.00,Petróleo y Gas,Río Negro,RIGI - VMOS S. A.             ,202505,202607
2025,12,Vaca Muerta Oleoducto Sur (VMOS),50020.82,9403.50.00,Petróleo y Gas,Río Negro,RIGI - VMOS S. A.             ,202505,202607
2025,12,Vaca Muerta Oleoducto Sur (VMOS),11071.11,9403.50.00,Petróleo y Gas,Río Negro,RIGI - VMOS S. A.             ,202505,202607
2025,12,Vaca Muerta Oleoducto Sur (VMOS),89154.89,9403.50.00,Petróleo y Gas,Río Negro,RIGI - VMOS S. A.             ,202505,202607
2025,12,Vaca Muerta Oleoducto Sur (VMOS),125.24,9403.20.90,Petróleo y Gas,Río Negro,RIGI - VMOS S. A.             ,202505,202607
2025,12,Vaca Muerta Oleoducto Sur (VMOS),641.83,9506.40.00,Petróleo y Gas,Río Negro,RIGI - VMOS S. A.             ,202505,202607
2025,12,Vaca Muerta Oleoducto Sur (VMOS),8877.06,8467.21.00,Petróleo y Gas,Río Negro,RIGI - VMOS S. A.             ,202505,202607
2025,12,Vaca Muerta Oleoducto Sur (VMOS),381.58,8205.40.00,Petróleo y Gas,Río Negro,RIGI - VMOS S. A.             ,202505,202607
2025,12,Vaca Muerta Oleoducto Sur (VMOS),145.35,8204.12.00,Petróleo y Gas,Río Negro,RIGI - VMOS S. A.             ,202505,202607
2025,12,Vaca Muerta Oleoducto Sur (VMOS),54.79,8202.39.00,Petróleo y Gas,Río Negro,RIGI - VMOS S. A.             ,202505,202607
2025,12,Vaca Muerta Oleoducto Sur (VMOS),810,8204.11.00,Petróleo y Gas,Río Negro,RIGI - VMOS S. A.             ,202505,202607
2025,12,Vaca Muerta Oleoducto Sur (VMOS),74.36,8515.90.00,Petróleo y Gas,Río Negro,RIGI - VMOS S. A.             ,202505,202607
2025,12,Vaca Muerta Oleoducto Sur (VMOS),308.2,8467.29.10,Petróleo y Gas,Río Negro,RIGI - VMOS S. A.             ,202505,202607
2025,12,Vaca Muerta Oleoducto Sur (VMOS),415.82,8544.49.00,Petróleo y Gas,Río Negro,RIGI - VMOS S. A.             ,202505,202607
2025,12,Vaca Muerta Oleoducto Sur (VMOS),12.23,6506.10.00,Petróleo y Gas,Río Negro,RIGI - VMOS S. A.             ,202505,202607
2025,12,Vaca Muerta Oleoducto Sur (VMOS),7.83,4203.29.00,Petróleo y Gas,Río Negro,RIGI - VMOS S. A.             ,202505,202607
2025,12,Vaca Muerta Oleoducto Sur (VMOS),12.23,8311.20.00,Petróleo y Gas,Río Negro,RIGI - VMOS S. A.             ,202505,202607
2025,12,Vaca Muerta Oleoducto Sur (VMOS),61.15,8203.40.00,Petróleo y Gas,Río Negro,RIGI - VMOS S. A.             ,202505,202607
2025,12,Vaca Muerta Oleoducto Sur (VMOS),171.22,8202.10.00,Petróleo y Gas,Río Negro,RIGI - VMOS S. A.             ,202505,202607
2025,12,Vaca Muerta Oleoducto Sur (VMOS),19.57,8211.94.00,Petróleo y Gas,Río Negro,RIGI - VMOS S. A.             ,202505,202607
2025,12,Vaca Muerta Oleoducto Sur (VMOS),48.92,8205.40.00,Petróleo y Gas,Río Negro,RIGI - VMOS S. A.             ,202505,202607
2025,12,Vaca Muerta Oleoducto Sur (VMOS),114.31,9030.31.00,Petróleo y Gas,Río Negro,RIGI - VMOS S. A.             ,202505,202607
2025,12,Vaca Muerta Oleoducto Sur (VMOS),1117.56,7308.90.10,Petróleo y Gas,Río Negro,RIGI - VMOS S. A.             ,202505,202607
2025,12,Vaca Muerta Oleoducto Sur (VMOS),338852.3,3917.21.00,Petróleo y Gas,Río Negro,RIGI - VMOS S. A.             ,202505,202607
2025,12,Proyecto Rincón,1796.71,9015.80.90,Minería,Salta,RIGI - RINCON MINING PTY LIMIT,202507,202607
2025,12,Hombre Muerto Oeste (HMW),101232,3920.10.99,Minería,Catamarca,RIGI - GALAN LITIO SDE        ,202511,202607
2025,12,Vaca Muerta Oleoducto Sur (VMOS),1999,8609.00.00,Petróleo y Gas,Río Negro,RIGI - VMOS S. A.             ,202505,202607
2025,12,Vaca Muerta Oleoducto Sur (VMOS),6236.9,9403.60.00,Petróleo y Gas,Río Negro,RIGI - VMOS S. A.             ,202505,202607
2025,12,Vaca Muerta Oleoducto Sur (VMOS),3766.75,9403.30.00,Petróleo y Gas,Río Negro,RIGI - VMOS S. A.             ,202505,202607
2025,12,Vaca Muerta Oleoducto Sur (VMOS),30807.76,9401.61.00,Petróleo y Gas,Río Negro,RIGI - VMOS S. A.             ,202505,202607
2025,12,Vaca Muerta Oleoducto Sur (VMOS),50012.58,9401.61.00,Petróleo y Gas,Río Negro,RIGI - VMOS S. A.             ,202505,202607
2025,12,Vaca Muerta Oleoducto Sur (VMOS),300.66,9504.20.00,Petróleo y Gas,Río Negro,RIGI - VMOS S. A.             ,202505,202607
2025,12,Vaca Muerta Oleoducto Sur (VMOS),1981.78,8205.59.00,Petróleo y Gas,Río Negro,RIGI - VMOS S. A.             ,202505,202607
2025,12,Vaca Muerta Oleoducto Sur (VMOS),122.3,8516.79.90,Petróleo y Gas,Río Negro,RIGI - VMOS S. A.             ,202505,202607
2025,12,Vaca Muerta Oleoducto Sur (VMOS),733.81,8467.99.00,Petróleo y Gas,Río Negro,RIGI - VMOS S. A.             ,202505,202607
2025,12,Vaca Muerta Oleoducto Sur (VMOS),538.12,8544.42.00,Petróleo y Gas,Río Negro,RIGI - VMOS S. A.             ,202505,202607
2025,12,Vaca Muerta Oleoducto Sur (VMOS),122.3,9031.80.99,Petróleo y Gas,Río Negro,RIGI - VMOS S. A.             ,202505,202607
2025,12,Vaca Muerta Oleoducto Sur (VMOS),160.46,8467.91.00,Petróleo y Gas,Río Negro,RIGI - VMOS S. A.             ,202505,202607
2025,12,Vaca Muerta Oleoducto Sur (VMOS),204.5,8208.90.00,Petróleo y Gas,Río Negro,RIGI - VMOS S. A.             ,202505,202607
2025,12,Vaca Muerta Oleoducto Sur (VMOS),1553.22,8205.40.00,Petróleo y Gas,Río Negro,RIGI - VMOS S. A.             ,202505,202607
2025,12,Vaca Muerta Oleoducto Sur (VMOS),11.74,8203.40.00,Petróleo y Gas,Río Negro,RIGI - VMOS S. A.             ,202505,202607
2025,12,Vaca Muerta Oleoducto Sur (VMOS),146.76,8536.69.10,Petróleo y Gas,Río Negro,RIGI - VMOS S. A.             ,202505,202607
2025,12,Vaca Muerta Oleoducto Sur (VMOS),97.85,8536.90.90,Petróleo y Gas,Río Negro,RIGI - VMOS S. A.             ,202505,202607
2025,12,Vaca Muerta Oleoducto Sur (VMOS),73.38,8203.20.90,Petróleo y Gas,Río Negro,RIGI - VMOS S. A.             ,202505,202607
2025,12,Vaca Muerta Oleoducto Sur (VMOS),9125.23,8202.10.00,Petróleo y Gas,Río Negro,RIGI - VMOS S. A.             ,202505,202607
2025,12,Vaca Muerta Oleoducto Sur (VMOS),342.44,8202.10.00,Petróleo y Gas,Río Negro,RIGI - VMOS S. A.             ,202505,202607
2025,12,Vaca Muerta Oleoducto Sur (VMOS),263.52,8205.40.00,Petróleo y Gas,Río Negro,RIGI - VMOS S. A.             ,202505,202607
2025,9,Parque Solar El Quemado y Anexos,1776.6,8414.59.90,Energía,Mendoza,RIGI - LUZ DEL CAMPO S. A.    ,202501,202607
2025,9,Parque Solar El Quemado y Anexos,448.38,8421.39.90,Energía,Mendoza,RIGI - LUZ DEL CAMPO S. A.    ,202501,202607
2025,9,Parque Solar El Quemado y Anexos,280.12,8481.40.00,Energía,Mendoza,RIGI - LUZ DEL CAMPO S. A.    ,202501,202607
2025,9,Parque Solar El Quemado y Anexos,2838.8,8535.90.90,Energía,Mendoza,RIGI - LUZ DEL CAMPO S. A.    ,202501,202607
2025,9,Parque Solar El Quemado y Anexos,13034.98,8536.20.00,Energía,Mendoza,RIGI - LUZ DEL CAMPO S. A.    ,202501,202607
2025,9,Parque Solar El Quemado y Anexos,124654.4,8479.89.99,Energía,Mendoza,RIGI - LUZ DEL CAMPO S. A.    ,202501,202607
2025,9,Proyecto Rincón,1312.12,8484.20.00,Minería,Salta,RIGI - RINCON MINING PTY LIMIT,202507,202607
2025,9,Proyecto Rincón,246.6,8484.20.00,Minería,Salta,RIGI - RINCON MINING PTY LIMIT,202507,202607
2025,9,Proyecto Rincón,81.17,7318.15.00,Minería,Salta,RIGI - RINCON MINING PTY LIMIT,202507,202607
2025,9,Proyecto Rincón,4276.47,8413.91.90,Minería,Salta,RIGI - RINCON MINING PTY LIMIT,202507,202607
2025,9,Proyecto Rincón,33.91,4016.93.00,Minería,Salta,RIGI - RINCON MINING PTY LIMIT,202507,202607
2025,9,Proyecto Rincón,6775.35,8413.91.90,Minería,Salta,RIGI - RINCON MINING PTY LIMIT,202507,202607
2025,9,Proyecto Rincón,35.96,4016.93.00,Minería,Salta,RIGI - RINCON MINING PTY LIMIT,202507,202607
2025,10,Proyecto Rincón,117.56,4010.39.00,Minería,Salta,RIGI - RINCON MINING PTY LIMIT,202507,202607
2025,10,Proyecto Rincón,1731.31,4016.93.00,Minería,Salta,RIGI - RINCON MINING PTY LIMIT,202507,202607
2025,10,Proyecto Rincón,1150.88,8483.30.29,Minería,Salta,RIGI - RINCON MINING PTY LIMIT,202507,202607
2025,9,Vaca Muerta Oleoducto Sur (VMOS),10.33,7307.99.00,Petróleo y Gas,Río Negro,RIGI - VMOS S. A.             ,202505,202607
2025,9,Vaca Muerta Oleoducto Sur (VMOS),18.23,7307.99.00,Petróleo y Gas,Río Negro,RIGI - VMOS S. A.             ,202505,202607
2025,9,Vaca Muerta Oleoducto Sur (VMOS),27.81,7307.93.00,Petróleo y Gas,Río Negro,RIGI - VMOS S. A.             ,202505,202607
2025,9,Vaca Muerta Oleoducto Sur (VMOS),41.76,7307.93.00,Petróleo y Gas,Río Negro,RIGI - VMOS S. A.             ,202505,202607
2025,9,Parque Solar El Quemado y Anexos,200253.12,8479.89.99,Energía,Mendoza,RIGI - LUZ DEL CAMPO S. A.    ,202501,202607
2025,9,Parque Solar El Quemado y Anexos,156.04,8536.10.00,Energía,Mendoza,RIGI - LUZ DEL CAMPO S. A.    ,202501,202607
2025,9,Parque Solar El Quemado y Anexos,904.28,8536.30.90,Energía,Mendoza,RIGI - LUZ DEL CAMPO S. A.    ,202501,202607
2025,9,Parque Solar El Quemado y Anexos,834.72,9026.20.90,Energía,Mendoza,RIGI - LUZ DEL CAMPO S. A.    ,202501,202607
2025,9,Parque Solar El Quemado y Anexos,41087.29,7326.90.90,Energía,Mendoza,RIGI - LUZ DEL CAMPO S. A.    ,202501,202607
2025,9,Vaca Muerta Oleoducto Sur (VMOS),37.62,7307.99.00,Petróleo y Gas,Río Negro,RIGI - VMOS S. A.             ,202505,202607
2025,9,Vaca Muerta Oleoducto Sur (VMOS),2.57,7307.99.00,Petróleo y Gas,Río Negro,RIGI - VMOS S. A.             ,202505,202607
2025,9,Vaca Muerta Oleoducto Sur (VMOS),53.24,7307.93.00,Petróleo y Gas,Río Negro,RIGI - VMOS S. A.             ,202505,202607
2025,9,Vaca Muerta Oleoducto Sur (VMOS),141.7,7307.93.00,Petróleo y Gas,Río Negro,RIGI - VMOS S. A.             ,202505,202607
2025,9,Vaca Muerta Oleoducto Sur (VMOS),3210.3,8481.80.93,Petróleo y Gas,Río Negro,RIGI - VMOS S. A.             ,202505,202607
2025,10,Parque Solar El Quemado y Anexos,171351.36,8479.89.99,Energía,Mendoza,RIGI - LUZ DEL CAMPO S. A.    ,202501,202607
2025,10,Parque Solar El Quemado y Anexos,421470,8479.89.99,Energía,Mendoza,RIGI - LUZ DEL CAMPO S. A.    ,202501,202607
2025,10,Parque Solar El Quemado y Anexos,184444,8479.89.99,Energía,Mendoza,RIGI - LUZ DEL CAMPO S. A.    ,202501,202607
2025,10,Parque Solar El Quemado y Anexos,3000,2804.29.10,Energía,Mendoza,RIGI - LUZ DEL CAMPO S. A.    ,202501,202607
2025,10,Parque Solar El Quemado y Anexos,1284.84,2804.30.00,Energía,Mendoza,RIGI - LUZ DEL CAMPO S. A.    ,202501,202607
2025,10,Parque Solar El Quemado y Anexos,293.84,7318.16.00,Energía,Mendoza,RIGI - LUZ DEL CAMPO S. A.    ,202501,202607
2025,10,Parque Solar El Quemado y Anexos,1099.9,8483.10.90,Energía,Mendoza,RIGI - LUZ DEL CAMPO S. A.    ,202501,202607
2025,10,Parque Solar El Quemado y Anexos,28.67,8483.30.29,Energía,Mendoza,RIGI - LUZ DEL CAMPO S. A.    ,202501,202607
2025,10,Parque Solar El Quemado y Anexos,201.6,8544.49.00,Energía,Mendoza,RIGI - LUZ DEL CAMPO S. A.    ,202501,202607
2025,10,Parque Solar El Quemado y Anexos,32,9015.90.90,Energía,Mendoza,RIGI - LUZ DEL CAMPO S. A.    ,202501,202607
2025,12,Vaca Muerta Oleoducto Sur (VMOS),101199.54,8108.90.00,Petróleo y Gas,Río Negro,RIGI - VMOS S. A.             ,202505,202607
2025,12,Vaca Muerta Oleoducto Sur (VMOS),32152.73,9401.71.00,Petróleo y Gas,Río Negro,RIGI - VMOS S. A.             ,202505,202607
2025,12,Vaca Muerta Oleoducto Sur (VMOS),68364.88,9401.79.00,Petróleo y Gas,Río Negro,RIGI - VMOS S. A.             ,202505,202607
2025,12,Vaca Muerta Oleoducto Sur (VMOS),14728.09,9404.21.00,Petróleo y Gas,Río Negro,RIGI - VMOS S. A.             ,202505,202607
2025,12,Vaca Muerta Oleoducto Sur (VMOS),2984.69,7326.90.90,Petróleo y Gas,Río Negro,RIGI - VMOS S. A.             ,202505,202607
2025,12,Vaca Muerta Oleoducto Sur (VMOS),11895.32,7308.40.00,Petróleo y Gas,Río Negro,RIGI - VMOS S. A.             ,202505,202607
2025,12,Vaca Muerta Oleoducto Sur (VMOS),391.36,8467.22.00,Petróleo y Gas,Río Negro,RIGI - VMOS S. A.             ,202505,202607
2025,12,Vaca Muerta Oleoducto Sur (VMOS),342.44,8467.29.99,Petróleo y Gas,Río Negro,RIGI - VMOS S. A.             ,202505,202607
2025,12,Vaca Muerta Oleoducto Sur (VMOS),91.98,8211.93.90,Petróleo y Gas,Río Negro,RIGI - VMOS S. A.             ,202505,202607
2025,12,Vaca Muerta Oleoducto Sur (VMOS),48.92,8467.29.93,Petróleo y Gas,Río Negro,RIGI - VMOS S. A.             ,202505,202607
2025,12,Vaca Muerta Oleoducto Sur (VMOS),156.95,8205.20.00,Petróleo y Gas,Río Negro,RIGI - VMOS S. A.             ,202505,202607
2025,12,Vaca Muerta Oleoducto Sur (VMOS),139.03,8516.79.90,Petróleo y Gas,Río Negro,RIGI - VMOS S. A.             ,202505,202607
2025,12,Vaca Muerta Oleoducto Sur (VMOS),48.92,8425.19.10,Petróleo y Gas,Río Negro,RIGI - VMOS S. A.             ,202505,202607
2025,12,Vaca Muerta Oleoducto Sur (VMOS),2105.5,8425.19.10,Petróleo y Gas,Río Negro,RIGI - VMOS S. A.             ,202505,202607
2025,12,Vaca Muerta Oleoducto Sur (VMOS),48.92,9017.80.90,Petróleo y Gas,Río Negro,RIGI - VMOS S. A.             ,202505,202607
2025,12,Vaca Muerta Oleoducto Sur (VMOS),3125.97,6804.22.11,Petróleo y Gas,Río Negro,RIGI - VMOS S. A.             ,202505,202607
2025,12,Vaca Muerta Oleoducto Sur (VMOS),122.3,8467.29.99,Petróleo y Gas,Río Negro,RIGI - VMOS S. A.             ,202505,202607
2025,12,Vaca Muerta Oleoducto Sur (VMOS),137.53,8202.20.00,Petróleo y Gas,Río Negro,RIGI - VMOS S. A.             ,202505,202607
2025,12,Vaca Muerta Oleoducto Sur (VMOS),8.07,9608.20.00,Petróleo y Gas,Río Negro,RIGI - VMOS S. A.             ,202505,202607
2025,12,Vaca Muerta Oleoducto Sur (VMOS),1280.7,9024.10.20,Petróleo y Gas,Río Negro,RIGI - VMOS S. A.             ,202505,202607
2025,12,Vaca Muerta Oleoducto Sur (VMOS),396.49,8203.20.10,Petróleo y Gas,Río Negro,RIGI - VMOS S. A.             ,202505,202607
2025,12,Vaca Muerta Oleoducto Sur (VMOS),122.3,4203.30.00,Petróleo y Gas,Río Negro,RIGI - VMOS S. A.             ,202505,202607
2025,12,Vaca Muerta Oleoducto Sur (VMOS),567.97,8207.50.90,Petróleo y Gas,Río Negro,RIGI - VMOS S. A.             ,202505,202607
2025,12,Vaca Muerta Oleoducto Sur (VMOS),558.85,7308.90.10,Petróleo y Gas,Río Negro,RIGI - VMOS S. A.             ,202505,202607
2025,12,Proyecto Rincón,2126.01,9015.80.90,Minería,Salta,RIGI - RINCON MINING PTY LIMIT,202507,202607
2025,12,Proyecto Rincón,61994.16,3917.21.00,Minería,Salta,RIGI - RINCON MINING PTY LIMIT,202507,202607
2025,10,Parque Solar El Quemado y Anexos,119355.63,8479.89.99,Energía,Mendoza,RIGI - LUZ DEL CAMPO S. A.    ,202501,202607
2025,11,Proyecto Rincón,135117.5,8414.80.12,Minería,Salta,RIGI - RINCON MINING PTY LIMIT,202507,202607
2025,11,Parque Solar El Quemado y Anexos,3.09,7318.16.00,Energía,Mendoza,RIGI - LUZ DEL CAMPO S. A.    ,202501,202607
2025,11,Parque Solar El Quemado y Anexos,3.09,7318.22.00,Energía,Mendoza,RIGI - LUZ DEL CAMPO S. A.    ,202501,202607
2025,11,Proyecto de Licuefacción de Gas Natural (FLNG - Southern Energy),2275726.64,7305.11.00,Petróleo y Gas,Río Negro,RIGI - SOUTHERN ENERGY S. A.  ,202511,202603
2025,11,Proyecto Rincón,61994.16,3917.21.00,Minería,Salta,RIGI - RINCON MINING PTY LIMIT,202507,202607
2025,11,Parque Solar El Quemado y Anexos,167325.35,9031.80.99,Energía,Mendoza,RIGI - LUZ DEL CAMPO S. A.    ,202501,202607
2025,11,Proyecto de Licuefacción de Gas Natural (FLNG - Southern Energy),30038.49,7305.11.00,Petróleo y Gas,Río Negro,RIGI - SOUTHERN ENERGY S. A.  ,202511,202603
2025,11,Proyecto de Licuefacción de Gas Natural (FLNG - Southern Energy),599483.38,7305.11.00,Petróleo y Gas,Río Negro,RIGI - SOUTHERN ENERGY S. A.  ,202511,202603
2025,11,Vaca Muerta Oleoducto Sur (VMOS),1179829.38,7309.00.90,Petróleo y Gas,Río Negro,RIGI - VMOS S. A.             ,202505,202607
2025,11,Proyecto Rincón,1131.38,8421.39.90,Minería,Salta,RIGI - RINCON MINING PTY LIMIT,202507,202607
2025,11,Proyecto Rincón,1273542,8421.29.20,Minería,Salta,RIGI - RINCON MINING PTY LIMIT,202507,202607
2025,12,Hombre Muerto Oeste (HMW),10140,8609.00.00,Minería,Catamarca,RIGI - GALAN LITIO SDE        ,202511,202607
2025,11,Hombre Muerto Oeste (HMW),12460,8515.80.90,Minería,Catamarca,RIGI - GALAN LITIO SDE        ,202511,202607
2025,12,Proyecto Rincón,7551,9015.80.90,Minería,Salta,RIGI - RINCON MINING PTY LIMIT,202507,202607
2025,12,Proyecto Rincón,5424.98,8517.62.65,Minería,Salta,RIGI - RINCON MINING PTY LIMIT,202507,202607
2025,12,Vaca Muerta Oleoducto Sur (VMOS),66904.7,9403.20.90,Petróleo y Gas,Río Negro,RIGI - VMOS S. A.             ,202505,202607
2025,12,Vaca Muerta Oleoducto Sur (VMOS),405.91,9609.10.00,Petróleo y Gas,Río Negro,RIGI - VMOS S. A.             ,202505,202607
2025,12,Vaca Muerta Oleoducto Sur (VMOS),89.66,8204.11.00,Petróleo y Gas,Río Negro,RIGI - VMOS S. A.             ,202505,202607
2025,12,Vaca Muerta Oleoducto Sur (VMOS),98.48,8467.29.92,Petróleo y Gas,Río Negro,RIGI - VMOS S. A.             ,202505,202607
2025,12,Vaca Muerta Oleoducto Sur (VMOS),24.2,8515.31.90,Petróleo y Gas,Río Negro,RIGI - VMOS S. A.             ,202505,202607
2025,12,Parque Solar El Quemado y Anexos,1026151.93,8504.23.00,Energía,Mendoza,RIGI - LUZ DEL CAMPO S. A.    ,202501,202607
2025,9,Vaca Muerta Oleoducto Sur (VMOS),84.41,7307.93.00,Petróleo y Gas,Río Negro,RIGI - VMOS S. A.             ,202505,202607
2025,9,Vaca Muerta Oleoducto Sur (VMOS),517728,8481.80.93,Petróleo y Gas,Río Negro,RIGI - VMOS S. A.             ,202505,202607
2025,9,Proyecto Rincón,501.42,8482.50.10,Minería,Salta,RIGI - RINCON MINING PTY LIMIT,202507,202607
2025,9,Proyecto Rincón,24.66,4016.93.00,Minería,Salta,RIGI - RINCON MINING PTY LIMIT,202507,202607
2025,10,Proyecto Rincón,4340.53,8421.91.99,Minería,Salta,RIGI - RINCON MINING PTY LIMIT,202507,202607
2025,10,Proyecto Rincón,8276.46,8483.10.90,Minería,Salta,RIGI - RINCON MINING PTY LIMIT,202507,202607
2025,10,Proyecto Rincón,738.15,8484.20.00,Minería,Salta,RIGI - RINCON MINING PTY LIMIT,202507,202607
2025,10,Proyecto Rincón,2587,4016.93.00,Minería,Salta,RIGI - RINCON MINING PTY LIMIT,202507,202607
2025,10,Proyecto Rincón,4525.84,8483.10.90,Minería,Salta,RIGI - RINCON MINING PTY LIMIT,202507,202607
2025,10,Proyecto Rincón,468.39,8483.30.29,Minería,Salta,RIGI - RINCON MINING PTY LIMIT,202507,202607
2025,9,Parque Solar El Quemado y Anexos,169680,8479.89.99,Energía,Mendoza,RIGI - LUZ DEL CAMPO S. A.    ,202501,202607
2025,9,Parque Solar El Quemado y Anexos,1825.48,8536.41.00,Energía,Mendoza,RIGI - LUZ DEL CAMPO S. A.    ,202501,202607
2025,9,Parque Solar El Quemado y Anexos,7314.2,2812.90.00,Energía,Mendoza,RIGI - LUZ DEL CAMPO S. A.    ,202501,202607
2025,9,Vaca Muerta Oleoducto Sur (VMOS),817080,8481.80.93,Petróleo y Gas,Río Negro,RIGI - VMOS S. A.             ,202505,202607
2025,9,Vaca Muerta Oleoducto Sur (VMOS),198.64,7307.93.00,Petróleo y Gas,Río Negro,RIGI - VMOS S. A.             ,202505,202607
2025,9,Vaca Muerta Oleoducto Sur (VMOS),322252,8481.80.93,Petróleo y Gas,Río Negro,RIGI - VMOS S. A.             ,202505,202607
2025,12,Vaca Muerta Oleoducto Sur (VMOS),2074,7309.00.90,Petróleo y Gas,Río Negro,RIGI - VMOS S. A.             ,202505,202607
2025,12,Vaca Muerta Oleoducto Sur (VMOS),32688.05,8544.49.00,Petróleo y Gas,Río Negro,RIGI - VMOS S. A.             ,202505,202607
2025,12,Vaca Muerta Oleoducto Sur (VMOS),5193.8,7306.19.00,Petróleo y Gas,Río Negro,RIGI - VMOS S. A.             ,202505,202607
2025,12,Vaca Muerta Oleoducto Sur (VMOS),48.9,4205.00.00,Petróleo y Gas,Río Negro,RIGI - VMOS S. A.             ,202505,202607
2025,12,Parque Eólico Olavarría,249447.21,7308.90.90,Energía,Buenos Aires,RIGI - GENERACION ELECTRICA AR,202511,202607
2025,11,Proyecto Rincón,11547.92,8421.39.90,Minería,Salta,RIGI - RINCON MINING PTY LIMIT,202507,202607
2025,11,Hombre Muerto Oeste (HMW),212,8515.90.00,Minería,Catamarca,RIGI - GALAN LITIO SDE        ,202511,202607
2025,11,Parque Solar El Quemado y Anexos,406.56,8483.30.90,Energía,Mendoza,RIGI - LUZ DEL CAMPO S. A.    ,202501,202607
2025,11,Proyecto de Licuefacción de Gas Natural (FLNG - Southern Energy),78250.77,7305.11.00,Petróleo y Gas,Río Negro,RIGI - SOUTHERN ENERGY S. A.  ,202511,202603
2025,11,Parque Eólico Olavarría,249697.21,7308.90.90,Energía,Buenos Aires,RIGI - GENERACION ELECTRICA AR,202511,202607
2025,12,Vaca Muerta Oleoducto Sur (VMOS),9870944,9406.90.20,Petróleo y Gas,Río Negro,RIGI - VMOS S. A.             ,202505,202607
2025,12,Vaca Muerta Oleoducto Sur (VMOS),2123.64,9013.20.00,Petróleo y Gas,Río Negro,RIGI - VMOS S. A.             ,202505,202607
2025,12,Vaca Muerta Oleoducto Sur (VMOS),97.85,9031.80.99,Petróleo y Gas,Río Negro,RIGI - VMOS S. A.             ,202505,202607
2025,12,Vaca Muerta Oleoducto Sur (VMOS),329.58,6805.10.00,Petróleo y Gas,Río Negro,RIGI - VMOS S. A.             ,202505,202607
2025,12,Vaca Muerta Oleoducto Sur (VMOS),3442.3,8207.90.00,Petróleo y Gas,Río Negro,RIGI - VMOS S. A.             ,202505,202607
2025,12,Vaca Muerta Oleoducto Sur (VMOS),11.29,8523.52.90,Petróleo y Gas,Río Negro,RIGI - VMOS S. A.             ,202505,202607
2025,12,Vaca Muerta Oleoducto Sur (VMOS),48.92,8204.11.00,Petróleo y Gas,Río Negro,RIGI - VMOS S. A.             ,202505,202607
2025,12,Parque Eólico Olavarría,249947.21,7308.90.90,Energía,Buenos Aires,RIGI - GENERACION ELECTRICA AR,202511,202607
2025,9,Parque Solar El Quemado y Anexos,52640,8535.40.90,Energía,Mendoza,RIGI - LUZ DEL CAMPO S. A.    ,202501,202607
2025,10,Proyecto Rincón,715680,8421.29.20,Minería,Salta,RIGI - RINCON MINING PTY LIMIT,202507,202607
2025,12,Parque Eólico Olavarría,250447.21,7308.90.90,Energía,Buenos Aires,RIGI - GENERACION ELECTRICA AR,202511,202607
2025,10,Proyecto Rincón,9748.9,7326.20.00,Minería,Salta,RIGI - RINCON MINING PTY LIMIT,202507,202607
2025,10,Proyecto Rincón,905.2,8483.60.90,Minería,Salta,RIGI - RINCON MINING PTY LIMIT,202507,202607
2025,10,Parque Solar El Quemado y Anexos,20748.72,8479.90.90,Energía,Mendoza,RIGI - LUZ DEL CAMPO S. A.    ,202501,202607
2025,9,Parque Solar El Quemado y Anexos,971943.93,8504.23.00,Energía,Mendoza,RIGI - LUZ DEL CAMPO S. A.    ,202501,202607
2025,9,Proyecto Rincón,93.5,8487.90.00,Minería,Salta,RIGI - RINCON MINING PTY LIMIT,202507,202607
2025,10,Parque Solar El Quemado y Anexos,1178.69,7318.15.00,Energía,Mendoza,RIGI - LUZ DEL CAMPO S. A.    ,202501,202607
2025,10,Proyecto Rincón,143,8481.90.90,Minería,Salta,RIGI - RINCON MINING PTY LIMIT,202507,202607
2025,11,Parque Solar El Quemado y Anexos,88523.25,9027.20.11,Energía,Mendoza,RIGI - LUZ DEL CAMPO S. A.    ,202501,202607
2026,2,Proyecto Rincón,1174,7307.91.00,Minería,Salta,RIGI - RINCON MINING PTY LIMIT,202507,202607
2026,2,Proyecto Rincón,452.88,7307.91.00,Minería,Salta,RIGI - RINCON MINING PTY LIMIT,202507,202607
2026,2,Proyecto Rincón,9995.7,7307.91.00,Minería,Salta,RIGI - RINCON MINING PTY LIMIT,202507,202607
2026,2,Proyecto Rincón,5661.04,7326.90.90,Minería,Salta,RIGI - RINCON MINING PTY LIMIT,202507,202607
2026,2,Proyecto Rincón,745.99,8483.10.90,Minería,Salta,RIGI - RINCON MINING PTY LIMIT,202507,202607
2026,2,Proyecto Rincón,5771.19,8474.90.00,Minería,Salta,RIGI - RINCON MINING PTY LIMIT,202507,202607
2026,2,Proyecto Rincón,3534.73,9026.90.10,Minería,Salta,RIGI - RINCON MINING PTY LIMIT,202507,202607
2026,1,Parque Eólico Olavarría,36055.49,7308.90.90,Energía,Buenos Aires,RIGI - GENERACION ELECTRICA AR,202511,202607
2026,2,Parque Eólico Olavarría,5800.31,7208.51.00,Energía,Buenos Aires,RIGI - GENERACION ELECTRICA AR,202511,202607
2026,2,Parque Eólico Olavarría,6836.31,7208.51.00,Energía,Buenos Aires,RIGI - GENERACION ELECTRICA AR,202511,202607
2026,2,Parque Eólico Olavarría,26134.4,7208.51.00,Energía,Buenos Aires,RIGI - GENERACION ELECTRICA AR,202511,202607
2026,2,Parque Eólico Olavarría,15509.16,7208.51.00,Energía,Buenos Aires,RIGI - GENERACION ELECTRICA AR,202511,202607
2026,2,Parque Eólico Olavarría,31801.74,7208.51.00,Energía,Buenos Aires,RIGI - GENERACION ELECTRICA AR,202511,202607
2026,2,Parque Eólico Olavarría,41219.76,7308.90.90,Energía,Buenos Aires,RIGI - GENERACION ELECTRICA AR,202511,202607
2026,2,Parque Eólico Olavarría,80378.53,7308.90.90,Energía,Buenos Aires,RIGI - GENERACION ELECTRICA AR,202511,202607
2026,2,Parque Eólico Olavarría,66278.18,7308.90.90,Energía,Buenos Aires,RIGI - GENERACION ELECTRICA AR,202511,202607
2026,2,Proyecto Rincón,16089.92,8479.82.90,Minería,Salta,RIGI - RINCON MINING PTY LIMIT,202507,202607
2026,2,Proyecto Rincón,16320.23,7326.90.90,Minería,Salta,RIGI - RINCON MINING PTY LIMIT,202507,202607
2026,1,Vaca Muerta Oleoducto Sur (VMOS),612894,7309.00.90,Petróleo y Gas,Río Negro,RIGI - VMOS S. A.             ,202505,202607
2026,1,Vaca Muerta Oleoducto Sur (VMOS),847789.65,7309.00.90,Petróleo y Gas,Río Negro,RIGI - VMOS S. A.             ,202505,202607
2026,1,Vaca Muerta Oleoducto Sur (VMOS),99202.83,7309.00.90,Petróleo y Gas,Río Negro,RIGI - VMOS S. A.             ,202505,202607
2026,1,Vaca Muerta Oleoducto Sur (VMOS),59680.99,7309.00.90,Petróleo y Gas,Río Negro,RIGI - VMOS S. A.             ,202505,202607
2026,1,Vaca Muerta Oleoducto Sur (VMOS),32068.29,3917.40.90,Petróleo y Gas,Río Negro,RIGI - VMOS S. A.             ,202505,202607
2026,1,Vaca Muerta Oleoducto Sur (VMOS),1477.83,3917.40.90,Petróleo y Gas,Río Negro,RIGI - VMOS S. A.             ,202505,202607
2026,1,Vaca Muerta Oleoducto Sur (VMOS),458.3,3917.40.90,Petróleo y Gas,Río Negro,RIGI - VMOS S. A.             ,202505,202607
2026,1,Vaca Muerta Oleoducto Sur (VMOS),46489.5,7309.00.90,Petróleo y Gas,Río Negro,RIGI - VMOS S. A.             ,202505,202607
2026,1,Vaca Muerta Oleoducto Sur (VMOS),87897.41,7309.00.90,Petróleo y Gas,Río Negro,RIGI - VMOS S. A.             ,202505,202607
2026,1,Vaca Muerta Oleoducto Sur (VMOS),130.07,3917.40.90,Petróleo y Gas,Río Negro,RIGI - VMOS S. A.             ,202505,202607
2026,1,Vaca Muerta Oleoducto Sur (VMOS),1131.63,7412.20.00,Petróleo y Gas,Río Negro,RIGI - VMOS S. A.             ,202505,202607
2026,1,Vaca Muerta Oleoducto Sur (VMOS),17958.51,8544.49.00,Petróleo y Gas,Río Negro,RIGI - VMOS S. A.             ,202505,202607
2026,1,Vaca Muerta Oleoducto Sur (VMOS),9387.39,3917.40.90,Petróleo y Gas,Río Negro,RIGI - VMOS S. A.             ,202505,202607
2026,2,Vaca Muerta Oleoducto Sur (VMOS),1316.5,8609.00.00,Petróleo y Gas,Río Negro,RIGI - VMOS S. A.             ,202505,202607
2026,2,Vaca Muerta Oleoducto Sur (VMOS),1998,8609.00.00,Petróleo y Gas,Río Negro,RIGI - VMOS S. A.             ,202505,202607
2026,2,Vaca Muerta Oleoducto Sur (VMOS),700.87,3917.21.00,Petróleo y Gas,Río Negro,RIGI - VMOS S. A.             ,202505,202607
2026,2,Vaca Muerta Oleoducto Sur (VMOS),1999.67,8609.00.00,Petróleo y Gas,Río Negro,RIGI - VMOS S. A.             ,202505,202607
2026,2,Vaca Muerta Oleoducto Sur (VMOS),14951.8,7304.39.10,Petróleo y Gas,Río Negro,RIGI - VMOS S. A.             ,202505,202607
2026,2,Vaca Muerta Oleoducto Sur (VMOS),2458.06,7304.39.90,Petróleo y Gas,Río Negro,RIGI - VMOS S. A.             ,202505,202607
2026,2,Vaca Muerta Oleoducto Sur (VMOS),131885.92,7307.91.00,Petróleo y Gas,Río Negro,RIGI - VMOS S. A.             ,202505,202607
2026,2,Vaca Muerta Oleoducto Sur (VMOS),8751.95,7307.93.00,Petróleo y Gas,Río Negro,RIGI - VMOS S. A.             ,202505,202607
2026,2,Vaca Muerta Oleoducto Sur (VMOS),18779.97,7307.93.00,Petróleo y Gas,Río Negro,RIGI - VMOS S. A.             ,202505,202607
2026,2,Vaca Muerta Oleoducto Sur (VMOS),1625.81,7307.93.00,Petróleo y Gas,Río Negro,RIGI - VMOS S. A.             ,202505,202607
2026,2,Vaca Muerta Oleoducto Sur (VMOS),10751.4,7307.93.00,Petróleo y Gas,Río Negro,RIGI - VMOS S. A.             ,202505,202607
2026,2,Vaca Muerta Oleoducto Sur (VMOS),46.81,7307.93.00,Petróleo y Gas,Río Negro,RIGI - VMOS S. A.             ,202505,202607
2026,2,Vaca Muerta Oleoducto Sur (VMOS),655.34,7307.93.00,Petróleo y Gas,Río Negro,RIGI - VMOS S. A.             ,202505,202607
2026,2,Vaca Muerta Oleoducto Sur (VMOS),93.55,7307.93.00,Petróleo y Gas,Río Negro,RIGI - VMOS S. A.             ,202505,202607
2026,2,Vaca Muerta Oleoducto Sur (VMOS),302.86,7307.93.00,Petróleo y Gas,Río Negro,RIGI - VMOS S. A.             ,202505,202607
2026,2,Vaca Muerta Oleoducto Sur (VMOS),173194.31,7304.39.10,Petróleo y Gas,Río Negro,RIGI - VMOS S. A.             ,202505,202607
2026,2,Vaca Muerta Oleoducto Sur (VMOS),1722.78,7304.31.90,Petróleo y Gas,Río Negro,RIGI - VMOS S. A.             ,202505,202607
2026,2,Vaca Muerta Oleoducto Sur (VMOS),13350.39,7304.19.00,Petróleo y Gas,Río Negro,RIGI - VMOS S. A.             ,202505,202607
2026,2,Vaca Muerta Oleoducto Sur (VMOS),5429.64,7307.93.00,Petróleo y Gas,Río Negro,RIGI - VMOS S. A.             ,202505,202607
2026,2,Vaca Muerta Oleoducto Sur (VMOS),5551.59,7307.93.00,Petróleo y Gas,Río Negro,RIGI - VMOS S. A.             ,202505,202607
2026,2,Vaca Muerta Oleoducto Sur (VMOS),2547.83,7307.93.00,Petróleo y Gas,Río Negro,RIGI - VMOS S. A.             ,202505,202607
2026,2,Vaca Muerta Oleoducto Sur (VMOS),8084.87,7307.93.00,Petróleo y Gas,Río Negro,RIGI - VMOS S. A.             ,202505,202607
2026,2,Vaca Muerta Oleoducto Sur (VMOS),900.6,7307.93.00,Petróleo y Gas,Río Negro,RIGI - VMOS S. A.             ,202505,202607
2026,2,Vaca Muerta Oleoducto Sur (VMOS),1518.37,7307.93.00,Petróleo y Gas,Río Negro,RIGI - VMOS S. A.             ,202505,202607
2026,2,Vaca Muerta Oleoducto Sur (VMOS),645.91,7307.93.00,Petróleo y Gas,Río Negro,RIGI - VMOS S. A.             ,202505,202607
2026,2,Vaca Muerta Oleoducto Sur (VMOS),318.86,7307.93.00,Petróleo y Gas,Río Negro,RIGI - VMOS S. A.             ,202505,202607
2026,2,Vaca Muerta Oleoducto Sur (VMOS),107.43,7307.93.00,Petróleo y Gas,Río Negro,RIGI - VMOS S. A.             ,202505,202607
2026,2,Vaca Muerta Oleoducto Sur (VMOS),23.7,7307.93.00,Petróleo y Gas,Río Negro,RIGI - VMOS S. A.             ,202505,202607
2026,2,Vaca Muerta Oleoducto Sur (VMOS),281546.03,7309.00.90,Petróleo y Gas,Río Negro,RIGI - VMOS S. A.             ,202505,202607
2026,2,Parque Eólico Olavarría,23917.22,7208.51.00,Energía,Buenos Aires,RIGI - GENERACION ELECTRICA AR,202511,202607
2026,2,Parque Eólico Olavarría,148412.75,7208.51.00,Energía,Buenos Aires,RIGI - GENERACION ELECTRICA AR,202511,202607
2026,2,Parque Eólico Olavarría,6095.62,7208.51.00,Energía,Buenos Aires,RIGI - GENERACION ELECTRICA AR,202511,202607
2026,1,Parque Eólico Olavarría,196975.84,7308.90.90,Energía,Buenos Aires,RIGI - GENERACION ELECTRICA AR,202511,202607
2026,1,Parque Eólico Olavarría,133054.1,7308.90.90,Energía,Buenos Aires,RIGI - GENERACION ELECTRICA AR,202511,202607
2026,1,Parque Eólico Olavarría,65481.27,7308.90.90,Energía,Buenos Aires,RIGI - GENERACION ELECTRICA AR,202511,202607
2026,1,Parque Eólico Olavarría,2896.85,7208.51.00,Energía,Buenos Aires,RIGI - GENERACION ELECTRICA AR,202511,202607
2026,1,Parque Eólico Olavarría,6095.62,7208.51.00,Energía,Buenos Aires,RIGI - GENERACION ELECTRICA AR,202511,202607
2026,1,Parque Eólico Olavarría,42811.25,7208.51.00,Energía,Buenos Aires,RIGI - GENERACION ELECTRICA AR,202511,202607
2026,2,Proyecto Rincón,10150,7508.90.90,Minería,Salta,RIGI - RINCON MINING PTY LIMIT,202507,202607
2026,2,Proyecto Rincón,41329.44,3917.21.00,Minería,Salta,RIGI - RINCON MINING PTY LIMIT,202507,202607
2026,2,Proyecto Rincón,573.12,7307.91.00,Minería,Salta,RIGI - RINCON MINING PTY LIMIT,202507,202607
2026,2,Proyecto Rincón,587.1,7307.91.00,Minería,Salta,RIGI - RINCON MINING PTY LIMIT,202507,202607
2026,2,Proyecto Rincón,3606.84,7307.91.00,Minería,Salta,RIGI - RINCON MINING PTY LIMIT,202507,202607
2026,2,Hombre Muerto Oeste (HMW),5000000,8421.29.30,Minería,Catamarca,RIGI - GALAN LITIO SDE        ,202511,202607
2026,2,Hombre Muerto Oeste (HMW),634966,8479.82.90,Minería,Catamarca,RIGI - GALAN LITIO SDE        ,202511,202607
2026,1,Proyecto Rincón,111.16,3917.40.90,Minería,Salta,RIGI - RINCON MINING PTY LIMIT,202507,202607
2026,1,Proyecto Rincón,619.22,3917.40.90,Minería,Salta,RIGI - RINCON MINING PTY LIMIT,202507,202607
2026,1,Proyecto Rincón,547.75,3917.40.90,Minería,Salta,RIGI - RINCON MINING PTY LIMIT,202507,202607
2026,1,Proyecto Rincón,331.17,3917.40.90,Minería,Salta,RIGI - RINCON MINING PTY LIMIT,202507,202607
2026,1,Proyecto Rincón,1660.64,3917.40.90,Minería,Salta,RIGI - RINCON MINING PTY LIMIT,202507,202607
2026,1,Proyecto Rincón,59.7,4016.93.00,Minería,Salta,RIGI - RINCON MINING PTY LIMIT,202507,202607
2026,2,Parque Eólico Olavarría,107790.44,7208.51.00,Energía,Buenos Aires,RIGI - GENERACION ELECTRICA AR,202511,202607
2026,2,Parque Eólico Olavarría,201003.18,7208.51.00,Energía,Buenos Aires,RIGI - GENERACION ELECTRICA AR,202511,202607
2026,2,Proyecto Rincón,1615.04,3917.40.90,Minería,Salta,RIGI - RINCON MINING PTY LIMIT,202507,202607
2026,2,Proyecto Rincón,1198.47,7307.91.00,Minería,Salta,RIGI - RINCON MINING PTY LIMIT,202507,202607
2026,1,Parque Eólico Olavarría,30622.8,7308.90.90,Energía,Buenos Aires,RIGI - GENERACION ELECTRICA AR,202511,202607
2026,1,Parque Eólico Olavarría,41031.65,7308.90.90,Energía,Buenos Aires,RIGI - GENERACION ELECTRICA AR,202511,202607
2026,2,Hombre Muerto Oeste (HMW),65527,8609.00.00,Minería,Catamarca,RIGI - GALAN LITIO SDE        ,202511,202607
2026,2,Proyecto Rincón,14784,8421.99.99,Minería,Salta,RIGI - RINCON MINING PTY LIMIT,202507,202607
2026,1,Parque Eólico Olavarría,124565.86,7308.90.90,Energía,Buenos Aires,RIGI - GENERACION ELECTRICA AR,202511,202607
2026,1,Proyecto Rincón,406.18,4016.93.00,Minería,Salta,RIGI - RINCON MINING PTY LIMIT,202507,202607
2026,1,Proyecto Rincón,15.39,7318.22.00,Minería,Salta,RIGI - RINCON MINING PTY LIMIT,202507,202607
2026,1,Proyecto Rincón,2443.25,8482.50.10,Minería,Salta,RIGI - RINCON MINING PTY LIMIT,202507,202607
2026,2,Parque Eólico Olavarría,30895.99,7308.90.90,Energía,Buenos Aires,RIGI - GENERACION ELECTRICA AR,202511,202607
2026,2,Parque Eólico Olavarría,199242.85,7308.90.90,Energía,Buenos Aires,RIGI - GENERACION ELECTRICA AR,202511,202607
2026,2,Parque Eólico Olavarría,154304.03,7208.51.00,Energía,Buenos Aires,RIGI - GENERACION ELECTRICA AR,202511,202607
2026,2,Parque Eólico Olavarría,203214.99,7208.51.00,Energía,Buenos Aires,RIGI - GENERACION ELECTRICA AR,202511,202607
2026,2,Parque Eólico Olavarría,76845.53,7208.51.00,Energía,Buenos Aires,RIGI - GENERACION ELECTRICA AR,202511,202607
2026,2,Parque Eólico Olavarría,92310.03,7208.51.00,Energía,Buenos Aires,RIGI - GENERACION ELECTRICA AR,202511,202607
2026,2,Parque Eólico Olavarría,100479.23,7208.51.00,Energía,Buenos Aires,RIGI - GENERACION ELECTRICA AR,202511,202607
2026,2,Parque Eólico Olavarría,75878.07,7208.51.00,Energía,Buenos Aires,RIGI - GENERACION ELECTRICA AR,202511,202607
2026,2,Parque Eólico Olavarría,130972.72,7208.51.00,Energía,Buenos Aires,RIGI - GENERACION ELECTRICA AR,202511,202607
2026,2,Parque Eólico Olavarría,160532.16,7208.51.00,Energía,Buenos Aires,RIGI - GENERACION ELECTRICA AR,202511,202607
2026,2,Parque Eólico Olavarría,195739.06,7208.51.00,Energía,Buenos Aires,RIGI - GENERACION ELECTRICA AR,202511,202607
2026,2,Parque Eólico Olavarría,80329.57,7308.90.90,Energía,Buenos Aires,RIGI - GENERACION ELECTRICA AR,202511,202607
2026,1,Proyecto Rincón,46.16,7318.22.00,Minería,Salta,RIGI - RINCON MINING PTY LIMIT,202507,202607
2026,1,Proyecto Rincón,34350.96,3917.21.00,Minería,Salta,RIGI - RINCON MINING PTY LIMIT,202507,202607
2026,1,Proyecto Rincón,2048.4,3917.21.00,Minería,Salta,RIGI - RINCON MINING PTY LIMIT,202507,202607
2026,1,Proyecto Rincón,944,3917.40.90,Minería,Salta,RIGI - RINCON MINING PTY LIMIT,202507,202607
2026,1,Proyecto Rincón,294.36,3917.40.90,Minería,Salta,RIGI - RINCON MINING PTY LIMIT,202507,202607
2026,1,Proyecto Rincón,10300.68,3917.21.00,Minería,Salta,RIGI - RINCON MINING PTY LIMIT,202507,202607
2026,2,Vaca Muerta Oleoducto Sur (VMOS),12165.2,3917.40.90,Petróleo y Gas,Río Negro,RIGI - VMOS S. A.             ,202505,202607
2026,2,Vaca Muerta Oleoducto Sur (VMOS),16090.12,7304.19.00,Petróleo y Gas,Río Negro,RIGI - VMOS S. A.             ,202505,202607
2026,2,Vaca Muerta Oleoducto Sur (VMOS),21.56,7307.93.00,Petróleo y Gas,Río Negro,RIGI - VMOS S. A.             ,202505,202607
2026,2,Vaca Muerta Oleoducto Sur (VMOS),63.81,7307.93.00,Petróleo y Gas,Río Negro,RIGI - VMOS S. A.             ,202505,202607
2026,2,Vaca Muerta Oleoducto Sur (VMOS),9234.96,7307.93.00,Petróleo y Gas,Río Negro,RIGI - VMOS S. A.             ,202505,202607
2026,2,Vaca Muerta Oleoducto Sur (VMOS),11661.53,7307.93.00,Petróleo y Gas,Río Negro,RIGI - VMOS S. A.             ,202505,202607
2026,2,Vaca Muerta Oleoducto Sur (VMOS),246989,7304.39.90,Petróleo y Gas,Río Negro,RIGI - VMOS S. A.             ,202505,202607
2026,2,Vaca Muerta Oleoducto Sur (VMOS),148010.64,7307.93.00,Petróleo y Gas,Río Negro,RIGI - VMOS S. A.             ,202505,202607
2026,2,Vaca Muerta Oleoducto Sur (VMOS),7402.05,7307.93.00,Petróleo y Gas,Río Negro,RIGI - VMOS S. A.             ,202505,202607
2026,2,Vaca Muerta Oleoducto Sur (VMOS),1170.7,7307.93.00,Petróleo y Gas,Río Negro,RIGI - VMOS S. A.             ,202505,202607
2026,2,Vaca Muerta Oleoducto Sur (VMOS),2139.23,7307.93.00,Petróleo y Gas,Río Negro,RIGI - VMOS S. A.             ,202505,202607
2026,2,Vaca Muerta Oleoducto Sur (VMOS),113.24,7307.93.00,Petróleo y Gas,Río Negro,RIGI - VMOS S. A.             ,202505,202607
2026,2,Vaca Muerta Oleoducto Sur (VMOS),84.86,7307.93.00,Petróleo y Gas,Río Negro,RIGI - VMOS S. A.             ,202505,202607
2026,2,Vaca Muerta Oleoducto Sur (VMOS),539854.17,7307.93.00,Petróleo y Gas,Río Negro,RIGI - VMOS S. A.             ,202505,202607
2026,1,Proyecto Rincón,1450,8609.00.00,Minería,Salta,RIGI - RINCON MINING PTY LIMIT,202507,202607
2026,1,Proyecto Rincón,2600,8609.00.00,Minería,Salta,RIGI - RINCON MINING PTY LIMIT,202507,202607
2026,1,Proyecto Rincón,166.08,3917.21.00,Minería,Salta,RIGI - RINCON MINING PTY LIMIT,202507,202607
2026,2,Proyecto Rincón,1096120,8421.29.20,Minería,Salta,RIGI - RINCON MINING PTY LIMIT,202507,202607
2026,1,Vaca Muerta Oleoducto Sur (VMOS),118845,7309.00.90,Petróleo y Gas,Río Negro,RIGI - VMOS S. A.             ,202505,202607
2026,1,Vaca Muerta Oleoducto Sur (VMOS),1998,8609.00.00,Petróleo y Gas,Río Negro,RIGI - VMOS S. A.             ,202505,202607
2026,1,Vaca Muerta Oleoducto Sur (VMOS),8872.82,3917.40.90,Petróleo y Gas,Río Negro,RIGI - VMOS S. A.             ,202505,202607
2026,1,Vaca Muerta Oleoducto Sur (VMOS),403.24,8536.90.90,Petróleo y Gas,Río Negro,RIGI - VMOS S. A.             ,202505,202607
2026,1,Vaca Muerta Oleoducto Sur (VMOS),481.32,9030.31.00,Petróleo y Gas,Río Negro,RIGI - VMOS S. A.             ,202505,202607
2026,1,Proyecto Rincón,837.72,3917.21.00,Minería,Salta,RIGI - RINCON MINING PTY LIMIT,202507,202607
2026,1,Proyecto Rincón,7680.96,3917.21.00,Minería,Salta,RIGI - RINCON MINING PTY LIMIT,202507,202607
2026,1,Proyecto Rincón,1535.24,3917.40.90,Minería,Salta,RIGI - RINCON MINING PTY LIMIT,202507,202607
2026,1,Proyecto Rincón,52.32,3917.40.90,Minería,Salta,RIGI - RINCON MINING PTY LIMIT,202507,202607
2026,1,Proyecto Rincón,4544.26,3917.40.90,Minería,Salta,RIGI - RINCON MINING PTY LIMIT,202507,202607
2026,3,Vaca Muerta Oleoducto Sur (VMOS),1999.66,8609.00.00,Petróleo y Gas,Río Negro,RIGI - VMOS S. A.             ,202505,202607
2026,3,Vaca Muerta Oleoducto Sur (VMOS),1999.7,8609.00.00,Petróleo y Gas,Río Negro,RIGI - VMOS S. A.             ,202505,202607
2026,3,Vaca Muerta Oleoducto Sur (VMOS),8544.58,8484.10.00,Petróleo y Gas,Río Negro,RIGI - VMOS S. A.             ,202505,202607
2026,3,Vaca Muerta Oleoducto Sur (VMOS),140.73,4016.93.00,Petróleo y Gas,Río Negro,RIGI - VMOS S. A.             ,202505,202607
2026,3,Proyecto Rincón,41329.44,3917.21.00,Minería,Salta,RIGI - RINCON MINING PTY LIMIT,202507,202607
2026,3,Proyecto Rincón,676.1,8484.10.00,Minería,Salta,RIGI - RINCON MINING PTY LIMIT,202507,202607
2026,3,Proyecto Rincón,416.07,7318.16.00,Minería,Salta,RIGI - RINCON MINING PTY LIMIT,202507,202607
2026,3,Proyecto Rincón,462.29,8484.10.00,Minería,Salta,RIGI - RINCON MINING PTY LIMIT,202507,202607
2026,3,Proyecto Rincón,231.17,7318.15.00,Minería,Salta,RIGI - RINCON MINING PTY LIMIT,202507,202607
2026,3,Proyecto Rincón,40828,8421.29.90,Minería,Salta,RIGI - RINCON MINING PTY LIMIT,202507,202607
2026,1,Parque Eólico Olavarría,79406.82,7308.90.90,Energía,Buenos Aires,RIGI - GENERACION ELECTRICA AR,202511,202607
2026,1,Proyecto Rincón,7703.88,8413.91.90,Minería,Salta,RIGI - RINCON MINING PTY LIMIT,202507,202607
2026,1,Proyecto Rincón,4004.76,3917.40.90,Minería,Salta,RIGI - RINCON MINING PTY LIMIT,202507,202607
2026,1,Proyecto Rincón,288.4,3917.40.90,Minería,Salta,RIGI - RINCON MINING PTY LIMIT,202507,202607
2026,3,Proyecto Rincón,61994.16,3917.21.00,Minería,Salta,RIGI - RINCON MINING PTY LIMIT,202507,202607
2026,3,Proyecto Rincón,40828,8421.29.20,Minería,Salta,RIGI - RINCON MINING PTY LIMIT,202507,202607
2026,3,Proyecto Rincón,3450,2517.10.00,Minería,Salta,RIGI - RINCON MINING PTY LIMIT,202507,202607
2026,3,Proyecto Rincón,266.4,3917.40.90,Minería,Salta,RIGI - RINCON MINING PTY LIMIT,202507,202607
2026,3,Proyecto Rincón,47.2,3917.40.90,Minería,Salta,RIGI - RINCON MINING PTY LIMIT,202507,202607
2026,3,Proyecto Rincón,241.11,3917.40.90,Minería,Salta,RIGI - RINCON MINING PTY LIMIT,202507,202607
2026,1,Parque Eólico Olavarría,62224.89,7308.90.90,Energía,Buenos Aires,RIGI - GENERACION ELECTRICA AR,202511,202607
2026,1,Parque Eólico Olavarría,50216.64,7308.90.90,Energía,Buenos Aires,RIGI - GENERACION ELECTRICA AR,202511,202607
2026,3,Proyecto Rincón,1155.73,7318.15.00,Minería,Salta,RIGI - RINCON MINING PTY LIMIT,202507,202607
2026,3,Proyecto Rincón,462.29,7318.15.00,Minería,Salta,RIGI - RINCON MINING PTY LIMIT,202507,202607
2026,3,Proyecto Rincón,780.12,8484.10.00,Minería,Salta,RIGI - RINCON MINING PTY LIMIT,202507,202607
2026,3,Proyecto Rincón,1400000,8421.29.20,Minería,Salta,RIGI - RINCON MINING PTY LIMIT,202507,202607
2026,3,Proyecto Rincón,800000,8421.29.20,Minería,Salta,RIGI - RINCON MINING PTY LIMIT,202507,202607
2026,3,Hombre Muerto Oeste (HMW),42.44,6505.00.29,Minería,Catamarca,RIGI - GALAN LITIO SDE        ,202511,202607
2026,3,Hombre Muerto Oeste (HMW),155.61,7326.90.90,Minería,Catamarca,RIGI - GALAN LITIO SDE        ,202511,202607
2026,3,Hombre Muerto Oeste (HMW),212.19,8544.49.00,Minería,Catamarca,RIGI - GALAN LITIO SDE        ,202511,202607
2026,3,Hombre Muerto Oeste (HMW),424.38,9030.89.90,Minería,Catamarca,RIGI - GALAN LITIO SDE        ,202511,202607
2026,3,Hombre Muerto Oeste (HMW),2111.33,8516.10.00,Minería,Catamarca,RIGI - GALAN LITIO SDE        ,202511,202607
2026,3,Hombre Muerto Oeste (HMW),181.38,8536.20.00,Minería,Catamarca,RIGI - GALAN LITIO SDE        ,202511,202607
2026,3,Hombre Muerto Oeste (HMW),1346.15,8536.30.90,Minería,Catamarca,RIGI - GALAN LITIO SDE        ,202511,202607
2026,3,Hombre Muerto Oeste (HMW),4003.57,3917.40.90,Minería,Catamarca,RIGI - GALAN LITIO SDE        ,202511,202607
2026,3,Proyecto Siderúrgico Argentino Sidersa,433.4,3926.90.90,Siderurgia,Buenos Aires,RIGI - SIDERSA ACERIA SDE     ,202508,202607
2026,3,Proyecto Rincón,146.4,4016.93.00,Minería,Salta,RIGI - RINCON MINING PTY LIMIT,202507,202607
2026,3,Proyecto Rincón,327.52,4016.93.00,Minería,Salta,RIGI - RINCON MINING PTY LIMIT,202507,202607
2026,3,Proyecto Rincón,49.75,4016.93.00,Minería,Salta,RIGI - RINCON MINING PTY LIMIT,202507,202607
2026,3,Proyecto Rincón,2200000,8421.29.20,Minería,Salta,RIGI - RINCON MINING PTY LIMIT,202507,202607
2026,3,Proyecto Rincón,5405000,8421.29.90,Minería,Salta,RIGI - RINCON MINING PTY LIMIT,202507,202607
2026,3,Proyecto Rincón,2015.93,3917.40.90,Minería,Salta,RIGI - RINCON MINING PTY LIMIT,202507,202607
2026,3,Proyecto Rincón,87.06,3917.40.90,Minería,Salta,RIGI - RINCON MINING PTY LIMIT,202507,202607
2026,3,Proyecto Rincón,185.48,3917.40.90,Minería,Salta,RIGI - RINCON MINING PTY LIMIT,202507,202607
2026,3,Proyecto Rincón,1000.44,3917.40.90,Minería,Salta,RIGI - RINCON MINING PTY LIMIT,202507,202607
2026,3,Proyecto Rincón,658.84,3917.40.90,Minería,Salta,RIGI - RINCON MINING PTY LIMIT,202507,202607
2026,3,Proyecto Rincón,257.76,3917.21.00,Minería,Salta,RIGI - RINCON MINING PTY LIMIT,202507,202607
2026,3,Proyecto Rincón,536.47,7304.41.90,Minería,Salta,RIGI - RINCON MINING PTY LIMIT,202507,202607
2026,3,Proyecto Rincón,383.92,7307.22.00,Minería,Salta,RIGI - RINCON MINING PTY LIMIT,202507,202607
2026,3,Proyecto Rincón,526.33,7307.22.00,Minería,Salta,RIGI - RINCON MINING PTY LIMIT,202507,202607
2026,3,Vaca Muerta Oleoducto Sur (VMOS),3998,8609.00.00,Petróleo y Gas,Río Negro,RIGI - VMOS S. A.             ,202505,202607
2026,3,Vaca Muerta Oleoducto Sur (VMOS),399254.69,7309.00.90,Petróleo y Gas,Río Negro,RIGI - VMOS S. A.             ,202505,202607
2026,3,Vaca Muerta Oleoducto Sur (VMOS),148423.64,7309.00.90,Petróleo y Gas,Río Negro,RIGI - VMOS S. A.             ,202505,202607
2026,3,Vaca Muerta Oleoducto Sur (VMOS),2752.73,7307.99.00,Petróleo y Gas,Río Negro,RIGI - VMOS S. A.             ,202505,202607
2026,3,Vaca Muerta Oleoducto Sur (VMOS),3646.22,7307.99.00,Petróleo y Gas,Río Negro,RIGI - VMOS S. A.             ,202505,202607
2026,3,Vaca Muerta Oleoducto Sur (VMOS),21202.12,3917.40.90,Petróleo y Gas,Río Negro,RIGI - VMOS S. A.             ,202505,202607
2026,3,Vaca Muerta Oleoducto Sur (VMOS),21830.57,3917.29.00,Petróleo y Gas,Río Negro,RIGI - VMOS S. A.             ,202505,202607
2026,3,Vaca Muerta Oleoducto Sur (VMOS),301.57,6815.19.00,Petróleo y Gas,Río Negro,RIGI - VMOS S. A.             ,202505,202607
2026,3,Vaca Muerta Oleoducto Sur (VMOS),14073.42,4016.93.00,Petróleo y Gas,Río Negro,RIGI - VMOS S. A.             ,202505,202607
2026,3,Vaca Muerta Oleoducto Sur (VMOS),1608.39,4016.93.00,Petróleo y Gas,Río Negro,RIGI - VMOS S. A.             ,202505,202607
2026,3,Vaca Muerta Oleoducto Sur (VMOS),1156.03,4016.93.00,Petróleo y Gas,Río Negro,RIGI - VMOS S. A.             ,202505,202607
2026,3,Vaca Muerta Oleoducto Sur (VMOS),69416.16,8205.59.00,Petróleo y Gas,Río Negro,RIGI - VMOS S. A.             ,202505,202607
2026,3,Vaca Muerta Oleoducto Sur (VMOS),70.38,4016.93.00,Petróleo y Gas,Río Negro,RIGI - VMOS S. A.             ,202505,202607
2026,3,Vaca Muerta Oleoducto Sur (VMOS),353275.13,7309.00.90,Petróleo y Gas,Río Negro,RIGI - VMOS S. A.             ,202505,202607
2026,3,Vaca Muerta Oleoducto Sur (VMOS),9998,8609.00.00,Petróleo y Gas,Río Negro,RIGI - VMOS S. A.             ,202505,202607
2026,3,Vaca Muerta Oleoducto Sur (VMOS),89494.51,7305.11.00,Petróleo y Gas,Río Negro,RIGI - VMOS S. A.             ,202505,202607
2026,3,Proyecto Rincón,2221.39,7307.29.00,Minería,Salta,RIGI - RINCON MINING PTY LIMIT,202507,202607
2026,3,Proyecto de Licuefacción de Gas Natural (FLNG - Southern Energy),11255.55,7318.15.00,Petróleo y Gas,Río Negro,RIGI - SOUTHERN ENERGY S. A.  ,202511,202603
2026,3,Parque Eólico Olavarría,239108.96,8544.60.00,Energía,Buenos Aires,RIGI - GENERACION ELECTRICA AR,202511,202607
2026,3,Parque Eólico Olavarría,171118.37,8544.60.00,Energía,Buenos Aires,RIGI - GENERACION ELECTRICA AR,202511,202607
2026,3,Hombre Muerto Oeste (HMW),141.46,7318.15.00,Minería,Catamarca,RIGI - GALAN LITIO SDE        ,202511,202607
2026,3,Hombre Muerto Oeste (HMW),19281,8413.81.00,Minería,Catamarca,RIGI - GALAN LITIO SDE        ,202511,202607
2026,3,Hombre Muerto Oeste (HMW),18142.25,8481.80.99,Minería,Catamarca,RIGI - GALAN LITIO SDE        ,202511,202607
2026,3,Hombre Muerto Oeste (HMW),1798.66,8484.10.00,Minería,Catamarca,RIGI - GALAN LITIO SDE        ,202511,202607
2026,3,Hombre Muerto Oeste (HMW),184.21,8536.69.90,Minería,Catamarca,RIGI - GALAN LITIO SDE        ,202511,202607
2026,3,Hombre Muerto Oeste (HMW),19048.19,3917.40.90,Minería,Catamarca,RIGI - GALAN LITIO SDE        ,202511,202607
2026,2,Parque Eólico Olavarría,103410.73,7208.51.00,Energía,Buenos Aires,RIGI - GENERACION ELECTRICA AR,202511,202607
2026,2,Parque Eólico Olavarría,128212.11,7208.51.00,Energía,Buenos Aires,RIGI - GENERACION ELECTRICA AR,202511,202607
2026,1,Parque Eólico Olavarría,27332.38,7308.90.90,Energía,Buenos Aires,RIGI - GENERACION ELECTRICA AR,202511,202607
2026,1,Parque Eólico Olavarría,17778.98,7208.51.00,Energía,Buenos Aires,RIGI - GENERACION ELECTRICA AR,202511,202607
2026,4,Proyecto Rincón,972000,8421.29.20,Minería,Salta,RIGI - RINCON MINING PTY LIMIT,202507,202607
2026,4,Proyecto Rincón,26204.47,8537.20.90,Minería,Salta,RIGI - RINCON MINING PTY LIMIT,202507,202607
2026,4,Proyecto Rincón,9.12,3917.40.90,Minería,Salta,RIGI - RINCON MINING PTY LIMIT,202507,202607
2026,4,Proyecto Rincón,38.4,3917.40.90,Minería,Salta,RIGI - RINCON MINING PTY LIMIT,202507,202607
2026,4,Proyecto Rincón,625601,8421.29.20,Minería,Salta,RIGI - RINCON MINING PTY LIMIT,202507,202607
2026,4,Proyecto Rincón,318079,8421.29.90,Minería,Salta,RIGI - RINCON MINING PTY LIMIT,202507,202607
2026,2,Parque Eólico Olavarría,14273.64,7208.51.00,Energía,Buenos Aires,RIGI - GENERACION ELECTRICA AR,202511,202607
2026,2,Parque Eólico Olavarría,8773.42,7208.51.00,Energía,Buenos Aires,RIGI - GENERACION ELECTRICA AR,202511,202607
2026,2,Parque Eólico Olavarría,38745.38,7208.51.00,Energía,Buenos Aires,RIGI - GENERACION ELECTRICA AR,202511,202607
2026,2,Parque Eólico Olavarría,6565.32,7208.51.00,Energía,Buenos Aires,RIGI - GENERACION ELECTRICA AR,202511,202607
2026,2,Parque Eólico Olavarría,51060.35,7208.51.00,Energía,Buenos Aires,RIGI - GENERACION ELECTRICA AR,202511,202607
2026,4,Proyecto Rincón,61994.16,3917.21.00,Minería,Salta,RIGI - RINCON MINING PTY LIMIT,202507,202607
2026,4,Proyecto Rincón,800000,8421.29.20,Minería,Salta,RIGI - RINCON MINING PTY LIMIT,202507,202607
2026,4,Vaca Muerta Oleoducto Sur (VMOS),2088.96,7326.90.90,Petróleo y Gas,Río Negro,RIGI - VMOS S. A.             ,202505,202607
2026,4,Vaca Muerta Oleoducto Sur (VMOS),1477.71,7318.15.00,Petróleo y Gas,Río Negro,RIGI - VMOS S. A.             ,202505,202607
2026,4,Vaca Muerta Oleoducto Sur (VMOS),55809.11,8467.29.99,Petróleo y Gas,Río Negro,RIGI - VMOS S. A.             ,202505,202607
2026,4,Vaca Muerta Oleoducto Sur (VMOS),719051.32,3917.21.00,Petróleo y Gas,Río Negro,RIGI - VMOS S. A.             ,202505,202607
2026,4,Vaca Muerta Oleoducto Sur (VMOS),80886.13,3917.40.90,Petróleo y Gas,Río Negro,RIGI - VMOS S. A.             ,202505,202607
2026,4,Vaca Muerta Oleoducto Sur (VMOS),70204.58,3917.40.90,Petróleo y Gas,Río Negro,RIGI - VMOS S. A.             ,202505,202607
2026,4,Vaca Muerta Oleoducto Sur (VMOS),11971.66,3506.91.90,Petróleo y Gas,Río Negro,RIGI - VMOS S. A.             ,202505,202607
2026,4,Vaca Muerta Oleoducto Sur (VMOS),331521.62,7309.00.90,Petróleo y Gas,Río Negro,RIGI - VMOS S. A.             ,202505,202607
2026,4,Vaca Muerta Oleoducto Sur (VMOS),33.36,7307.93.00,Petróleo y Gas,Río Negro,RIGI - VMOS S. A.             ,202505,202607
2026,4,Vaca Muerta Oleoducto Sur (VMOS),9112.56,7307.93.00,Petróleo y Gas,Río Negro,RIGI - VMOS S. A.             ,202505,202607
2026,4,Vaca Muerta Oleoducto Sur (VMOS),1203.88,7307.93.00,Petróleo y Gas,Río Negro,RIGI - VMOS S. A.             ,202505,202607
2026,4,Vaca Muerta Oleoducto Sur (VMOS),3734.76,7307.93.00,Petróleo y Gas,Río Negro,RIGI - VMOS S. A.             ,202505,202607
2026,4,Vaca Muerta Oleoducto Sur (VMOS),1618.2,7307.93.00,Petróleo y Gas,Río Negro,RIGI - VMOS S. A.             ,202505,202607
2026,4,Vaca Muerta Oleoducto Sur (VMOS),15289.23,7307.93.00,Petróleo y Gas,Río Negro,RIGI - VMOS S. A.             ,202505,202607
2026,4,Vaca Muerta Oleoducto Sur (VMOS),7555.1,7307.93.00,Petróleo y Gas,Río Negro,RIGI - VMOS S. A.             ,202505,202607
2026,4,Vaca Muerta Oleoducto Sur (VMOS),283287.77,9406.90.20,Petróleo y Gas,Río Negro,RIGI - VMOS S. A.             ,202505,202607
2026,4,Vaca Muerta Oleoducto Sur (VMOS),101.53,7308.90.90,Petróleo y Gas,Río Negro,RIGI - VMOS S. A.             ,202505,202607
2026,4,Vaca Muerta Oleoducto Sur (VMOS),231198.02,7309.00.90,Petróleo y Gas,Río Negro,RIGI - VMOS S. A.             ,202505,202607
2026,4,Vaca Muerta Oleoducto Sur (VMOS),50290.39,4016.93.00,Petróleo y Gas,Río Negro,RIGI - VMOS S. A.             ,202505,202607
2026,4,Vaca Muerta Oleoducto Sur (VMOS),182.04,3403.99.00,Petróleo y Gas,Río Negro,RIGI - VMOS S. A.             ,202505,202607
2026,4,Vaca Muerta Oleoducto Sur (VMOS),2247.68,4009.12.90,Petróleo y Gas,Río Negro,RIGI - VMOS S. A.             ,202505,202607
2026,4,Vaca Muerta Oleoducto Sur (VMOS),22648.23,9031.80.60,Petróleo y Gas,Río Negro,RIGI - VMOS S. A.             ,202505,202607
2026,4,Vaca Muerta Oleoducto Sur (VMOS),794270.02,8413.70.90,Petróleo y Gas,Río Negro,RIGI - VMOS S. A.             ,202505,202607
2026,4,Vaca Muerta Oleoducto Sur (VMOS),27061.67,7308.90.90,Petróleo y Gas,Río Negro,RIGI - VMOS S. A.             ,202505,202607
2026,4,Vaca Muerta Oleoducto Sur (VMOS),15612.49,7308.90.90,Petróleo y Gas,Río Negro,RIGI - VMOS S. A.             ,202505,202607
2026,4,Vaca Muerta Oleoducto Sur (VMOS),505231.25,3917.40.90,Petróleo y Gas,Río Negro,RIGI - VMOS S. A.             ,202505,202607
2026,4,Vaca Muerta Oleoducto Sur (VMOS),907909.99,3917.40.90,Petróleo y Gas,Río Negro,RIGI - VMOS S. A.             ,202505,202607
2026,4,Vaca Muerta Oleoducto Sur (VMOS),484124.78,9406.90.20,Petróleo y Gas,Río Negro,RIGI - VMOS S. A.             ,202505,202607
2026,4,Vaca Muerta Oleoducto Sur (VMOS),35483.95,7304.19.00,Petróleo y Gas,Río Negro,RIGI - VMOS S. A.             ,202505,202607
2026,4,Vaca Muerta Oleoducto Sur (VMOS),7125.93,8413.70.90,Petróleo y Gas,Río Negro,RIGI - VMOS S. A.             ,202505,202607
2026,4,Proyecto Rincón,166.74,3917.40.90,Minería,Salta,RIGI - RINCON MINING PTY LIMIT,202507,202607
2026,4,Vaca Muerta Oleoducto Sur (VMOS),7421.09,7309.00.90,Petróleo y Gas,Río Negro,RIGI - VMOS S. A.             ,202505,202607
2026,4,Vaca Muerta Oleoducto Sur (VMOS),684255.11,3917.21.00,Petróleo y Gas,Río Negro,RIGI - VMOS S. A.             ,202505,202607
2026,4,Vaca Muerta Oleoducto Sur (VMOS),3290.31,7307.93.00,Petróleo y Gas,Río Negro,RIGI - VMOS S. A.             ,202505,202607
2026,4,Vaca Muerta Oleoducto Sur (VMOS),1646.87,7307.93.00,Petróleo y Gas,Río Negro,RIGI - VMOS S. A.             ,202505,202607
2026,4,Vaca Muerta Oleoducto Sur (VMOS),2568.01,7307.93.00,Petróleo y Gas,Río Negro,RIGI - VMOS S. A.             ,202505,202607
2026,4,Vaca Muerta Oleoducto Sur (VMOS),604.54,7307.93.00,Petróleo y Gas,Río Negro,RIGI - VMOS S. A.             ,202505,202607
2026,4,Vaca Muerta Oleoducto Sur (VMOS),7239.69,7307.93.00,Petróleo y Gas,Río Negro,RIGI - VMOS S. A.             ,202505,202607
2026,4,Vaca Muerta Oleoducto Sur (VMOS),23.93,7307.93.00,Petróleo y Gas,Río Negro,RIGI - VMOS S. A.             ,202505,202607
2026,4,Vaca Muerta Oleoducto Sur (VMOS),1685.74,7307.93.00,Petróleo y Gas,Río Negro,RIGI - VMOS S. A.             ,202505,202607
2026,4,Vaca Muerta Oleoducto Sur (VMOS),812.62,7307.93.00,Petróleo y Gas,Río Negro,RIGI - VMOS S. A.             ,202505,202607
2026,4,Vaca Muerta Oleoducto Sur (VMOS),1084.01,7307.93.00,Petróleo y Gas,Río Negro,RIGI - VMOS S. A.             ,202505,202607
2026,4,Vaca Muerta Oleoducto Sur (VMOS),3332.3,7307.93.00,Petróleo y Gas,Río Negro,RIGI - VMOS S. A.             ,202505,202607
2026,4,Vaca Muerta Oleoducto Sur (VMOS),20.85,7307.93.00,Petróleo y Gas,Río Negro,RIGI - VMOS S. A.             ,202505,202607
2026,4,Vaca Muerta Oleoducto Sur (VMOS),1530.96,7307.93.00,Petróleo y Gas,Río Negro,RIGI - VMOS S. A.             ,202505,202607
2026,4,Vaca Muerta Oleoducto Sur (VMOS),31.61,7307.93.00,Petróleo y Gas,Río Negro,RIGI - VMOS S. A.             ,202505,202607
2026,4,Vaca Muerta Oleoducto Sur (VMOS),1539733.33,7316.00.00,Petróleo y Gas,Río Negro,RIGI - VMOS S. A.             ,202505,202607
2026,4,Vaca Muerta Oleoducto Sur (VMOS),349566.78,8413.70.90,Petróleo y Gas,Río Negro,RIGI - VMOS S. A.             ,202505,202607
2026,4,Vaca Muerta Oleoducto Sur (VMOS),14381.66,9025.80.00,Petróleo y Gas,Río Negro,RIGI - VMOS S. A.             ,202505,202607
2026,4,Vaca Muerta Oleoducto Sur (VMOS),8980.02,8481.80.99,Petróleo y Gas,Río Negro,RIGI - VMOS S. A.             ,202505,202607
2026,4,Vaca Muerta Oleoducto Sur (VMOS),1372.23,4016.93.00,Petróleo y Gas,Río Negro,RIGI - VMOS S. A.             ,202505,202607
2026,4,Vaca Muerta Oleoducto Sur (VMOS),1180.5,3917.21.00,Petróleo y Gas,Río Negro,RIGI - VMOS S. A.             ,202505,202607
2026,4,Proyecto Siderúrgico Argentino Sidersa,142037,9030.10.10,Siderurgia,Buenos Aires,RIGI - SIDERSA ACERIA SDE     ,202508,202607
2026,4,Parque Eólico Olavarría,414098.33,8544.60.00,Energía,Buenos Aires,RIGI - GENERACION ELECTRICA AR,202511,202607
2026,4,Parque Eólico Olavarría,435502.14,8544.60.00,Energía,Buenos Aires,RIGI - GENERACION ELECTRICA AR,202511,202607
2026,4,Proyecto Rincón,55165,8421.29.20,Minería,Salta,RIGI - RINCON MINING PTY LIMIT,202507,202607
2026,4,Proyecto Rincón,270,2517.10.00,Minería,Salta,RIGI - RINCON MINING PTY LIMIT,202507,202607
2026,4,Proyecto Rincón,152.22,8504.50.90,Minería,Salta,RIGI - RINCON MINING PTY LIMIT,202507,202607
2026,4,Proyecto Rincón,424.02,8501.31.10,Minería,Salta,RIGI - RINCON MINING PTY LIMIT,202507,202607
2026,4,Proyecto Rincón,456.66,8536.49.00,Minería,Salta,RIGI - RINCON MINING PTY LIMIT,202507,202607
2026,4,Proyecto Rincón,60.88,8536.50.90,Minería,Salta,RIGI - RINCON MINING PTY LIMIT,202507,202607
2026,4,Proyecto Rincón,91.32,8536.10.00,Minería,Salta,RIGI - RINCON MINING PTY LIMIT,202507,202607
2026,4,Proyecto Rincón,541.44,9030.33.90,Minería,Salta,RIGI - RINCON MINING PTY LIMIT,202507,202607
2026,4,Proyecto Rincón,91.32,8205.59.00,Minería,Salta,RIGI - RINCON MINING PTY LIMIT,202507,202607
2026,4,Proyecto Rincón,9844.32,8536.49.00,Minería,Salta,RIGI - RINCON MINING PTY LIMIT,202507,202607
2026,4,Parque Eólico Olavarría,437686.2,8544.60.00,Energía,Buenos Aires,RIGI - GENERACION ELECTRICA AR,202511,202607
2026,4,Proyecto Rincón,1756.96,8501.31.10,Minería,Salta,RIGI - RINCON MINING PTY LIMIT,202507,202607
2026,4,Proyecto Rincón,151.46,2836.91.00,Minería,Salta,RIGI - RINCON MINING PTY LIMIT,202507,202607
2026,4,Hombre Muerto Oeste (HMW),75000,3824.99.89,Minería,Catamarca,RIGI - GALAN LITIO SDE        ,202511,202607
2026,4,Proyecto Rincón,80.98,2836.91.00,Minería,Salta,RIGI - RINCON MINING PTY LIMIT,202507,202607
2026,4,Proyecto Rincón,375000,8421.29.20,Minería,Salta,RIGI - RINCON MINING PTY LIMIT,202507,202607
2026,2,Vaca Muerta Oleoducto Sur (VMOS),27321.49,3917.40.90,Petróleo y Gas,Río Negro,RIGI - VMOS S. A.             ,202505,202607
2026,2,Vaca Muerta Oleoducto Sur (VMOS),28306.11,7307.93.00,Petróleo y Gas,Río Negro,RIGI - VMOS S. A.             ,202505,202607
2026,2,Vaca Muerta Oleoducto Sur (VMOS),629.5,7304.39.20,Petróleo y Gas,Río Negro,RIGI - VMOS S. A.             ,202505,202607
2026,2,Vaca Muerta Oleoducto Sur (VMOS),363.79,7307.93.00,Petróleo y Gas,Río Negro,RIGI - VMOS S. A.             ,202505,202607
2026,2,Vaca Muerta Oleoducto Sur (VMOS),1188.29,7307.93.00,Petróleo y Gas,Río Negro,RIGI - VMOS S. A.             ,202505,202607
2026,2,Vaca Muerta Oleoducto Sur (VMOS),171.15,7307.93.00,Petróleo y Gas,Río Negro,RIGI - VMOS S. A.             ,202505,202607
2026,2,Vaca Muerta Oleoducto Sur (VMOS),19.49,7307.93.00,Petróleo y Gas,Río Negro,RIGI - VMOS S. A.             ,202505,202607
2026,2,Vaca Muerta Oleoducto Sur (VMOS),23.41,7307.93.00,Petróleo y Gas,Río Negro,RIGI - VMOS S. A.             ,202505,202607
2026,2,Vaca Muerta Oleoducto Sur (VMOS),188.04,7307.93.00,Petróleo y Gas,Río Negro,RIGI - VMOS S. A.             ,202505,202607
2026,2,Vaca Muerta Oleoducto Sur (VMOS),52773.82,7307.93.00,Petróleo y Gas,Río Negro,RIGI - VMOS S. A.             ,202505,202607
2026,2,Hombre Muerto Oeste (HMW),22898.48,8481.80.95,Minería,Catamarca,RIGI - GALAN LITIO SDE        ,202511,202607
2026,2,Proyecto Rincón,6448.51,7326.90.90,Minería,Salta,RIGI - RINCON MINING PTY LIMIT,202507,202607
2026,2,Proyecto Rincón,2882.49,8483.40.10,Minería,Salta,RIGI - RINCON MINING PTY LIMIT,202507,202607
2026,2,Parque Eólico Olavarría,134593.37,7308.90.90,Energía,Buenos Aires,RIGI - GENERACION ELECTRICA AR,202511,202607
2026,4,Hombre Muerto Oeste (HMW),2984.48,8481.10.00,Minería,Catamarca,RIGI - GALAN LITIO SDE        ,202511,202607
2026,2,Proyecto Rincón,1607.2,7307.91.00,Minería,Salta,RIGI - RINCON MINING PTY LIMIT,202507,202607
2026,2,Parque Eólico Olavarría,55327.37,7308.90.90,Energía,Buenos Aires,RIGI - GENERACION ELECTRICA AR,202511,202607
2026,2,Parque Eólico Olavarría,134675.41,7308.90.90,Energía,Buenos Aires,RIGI - GENERACION ELECTRICA AR,202511,202607
2026,2,Parque Eólico Olavarría,199364.31,7308.90.90,Energía,Buenos Aires,RIGI - GENERACION ELECTRICA AR,202511,202607
2026,2,Parque Eólico Olavarría,36978.28,7208.51.00,Energía,Buenos Aires,RIGI - GENERACION ELECTRICA AR,202511,202607
2026,2,Parque Eólico Olavarría,80687.11,7208.51.00,Energía,Buenos Aires,RIGI - GENERACION ELECTRICA AR,202511,202607
2026,2,Parque Eólico Olavarría,30367.74,7208.51.00,Energía,Buenos Aires,RIGI - GENERACION ELECTRICA AR,202511,202607
2026,2,Parque Eólico Olavarría,32157.33,7208.51.00,Energía,Buenos Aires,RIGI - GENERACION ELECTRICA AR,202511,202607
2026,2,Vaca Muerta Oleoducto Sur (VMOS),1999.65,8609.00.00,Petróleo y Gas,Río Negro,RIGI - VMOS S. A.             ,202505,202607
2026,2,Vaca Muerta Oleoducto Sur (VMOS),5111.5,7307.93.00,Petróleo y Gas,Río Negro,RIGI - VMOS S. A.             ,202505,202607
2026,2,Vaca Muerta Oleoducto Sur (VMOS),71.12,7307.93.00,Petróleo y Gas,Río Negro,RIGI - VMOS S. A.             ,202505,202607
2026,2,Vaca Muerta Oleoducto Sur (VMOS),356521.73,7307.91.00,Petróleo y Gas,Río Negro,RIGI - VMOS S. A.             ,202505,202607
2026,2,Vaca Muerta Oleoducto Sur (VMOS),49.59,7307.93.00,Petróleo y Gas,Río Negro,RIGI - VMOS S. A.             ,202505,202607
2026,2,Vaca Muerta Oleoducto Sur (VMOS),1905.18,7307.93.00,Petróleo y Gas,Río Negro,RIGI - VMOS S. A.             ,202505,202607
2026,1,Parque Eólico Olavarría,24998.87,7208.51.00,Energía,Buenos Aires,RIGI - GENERACION ELECTRICA AR,202511,202607
2026,1,Vaca Muerta Oleoducto Sur (VMOS),19435.33,3917.40.90,Petróleo y Gas,Río Negro,RIGI - VMOS S. A.             ,202505,202607
2026,1,Vaca Muerta Oleoducto Sur (VMOS),1617.23,3917.23.00,Petróleo y Gas,Río Negro,RIGI - VMOS S. A.             ,202505,202607
2026,1,Proyecto Rincón,1089.62,3917.40.90,Minería,Salta,RIGI - RINCON MINING PTY LIMIT,202507,202607
2026,2,Parque Eólico Olavarría,23705.46,7208.51.00,Energía,Buenos Aires,RIGI - GENERACION ELECTRICA AR,202511,202607
2026,2,Parque Eólico Olavarría,3404.71,7208.51.00,Energía,Buenos Aires,RIGI - GENERACION ELECTRICA AR,202511,202607
2026,2,Parque Eólico Olavarría,21154.76,7208.51.00,Energía,Buenos Aires,RIGI - GENERACION ELECTRICA AR,202511,202607
2026,2,Parque Eólico Olavarría,29414.67,7208.51.00,Energía,Buenos Aires,RIGI - GENERACION ELECTRICA AR,202511,202607
2026,2,Parque Eólico Olavarría,18833.62,7208.51.00,Energía,Buenos Aires,RIGI - GENERACION ELECTRICA AR,202511,202607
2026,2,Parque Eólico Olavarría,39935.83,7208.51.00,Energía,Buenos Aires,RIGI - GENERACION ELECTRICA AR,202511,202607
2026,2,Parque Eólico Olavarría,9295.48,7208.51.00,Energía,Buenos Aires,RIGI - GENERACION ELECTRICA AR,202511,202607
2026,2,Parque Eólico Olavarría,17778.98,7208.51.00,Energía,Buenos Aires,RIGI - GENERACION ELECTRICA AR,202511,202607
2026,2,Parque Eólico Olavarría,17806.09,7208.51.00,Energía,Buenos Aires,RIGI - GENERACION ELECTRICA AR,202511,202607
2026,2,Parque Eólico Olavarría,12502.74,7208.51.00,Energía,Buenos Aires,RIGI - GENERACION ELECTRICA AR,202511,202607
2026,2,Parque Eólico Olavarría,44388.19,7208.51.00,Energía,Buenos Aires,RIGI - GENERACION ELECTRICA AR,202511,202607
2026,2,Parque Eólico Olavarría,40580.81,7208.51.00,Energía,Buenos Aires,RIGI - GENERACION ELECTRICA AR,202511,202607
2026,2,Parque Eólico Olavarría,74495.32,7208.51.00,Energía,Buenos Aires,RIGI - GENERACION ELECTRICA AR,202511,202607
2026,2,Parque Eólico Olavarría,81108.67,7208.51.00,Energía,Buenos Aires,RIGI - GENERACION ELECTRICA AR,202511,202607
2026,2,Parque Eólico Olavarría,70260.06,7208.51.00,Energía,Buenos Aires,RIGI - GENERACION ELECTRICA AR,202511,202607
2026,2,Parque Eólico Olavarría,96812,7208.51.00,Energía,Buenos Aires,RIGI - GENERACION ELECTRICA AR,202511,202607
2026,2,Parque Eólico Olavarría,115057.86,7208.51.00,Energía,Buenos Aires,RIGI - GENERACION ELECTRICA AR,202511,202607
2026,2,Parque Eólico Olavarría,118477.5,7208.51.00,Energía,Buenos Aires,RIGI - GENERACION ELECTRICA AR,202511,202607
2026,2,Parque Eólico Olavarría,125449.36,7208.51.00,Energía,Buenos Aires,RIGI - GENERACION ELECTRICA AR,202511,202607
2026,2,Parque Eólico Olavarría,118765.37,7208.51.00,Energía,Buenos Aires,RIGI - GENERACION ELECTRICA AR,202511,202607
2026,2,Parque Eólico Olavarría,134432.58,7208.51.00,Energía,Buenos Aires,RIGI - GENERACION ELECTRICA AR,202511,202607
2026,2,Parque Eólico Olavarría,136301.06,7208.51.00,Energía,Buenos Aires,RIGI - GENERACION ELECTRICA AR,202511,202607
2026,2,Parque Eólico Olavarría,134549.66,7208.51.00,Energía,Buenos Aires,RIGI - GENERACION ELECTRICA AR,202511,202607
2026,2,Vaca Muerta Oleoducto Sur (VMOS),49.38,7307.93.00,Petróleo y Gas,Río Negro,RIGI - VMOS S. A.             ,202505,202607
2026,2,Vaca Muerta Oleoducto Sur (VMOS),1352.69,7307.93.00,Petróleo y Gas,Río Negro,RIGI - VMOS S. A.             ,202505,202607
2026,2,Vaca Muerta Oleoducto Sur (VMOS),1220.16,7304.31.10,Petróleo y Gas,Río Negro,RIGI - VMOS S. A.             ,202505,202607
2026,2,Vaca Muerta Oleoducto Sur (VMOS),90.11,7307.93.00,Petróleo y Gas,Río Negro,RIGI - VMOS S. A.             ,202505,202607
2026,2,Parque Eólico Olavarría,75390.79,7208.51.00,Energía,Buenos Aires,RIGI - GENERACION ELECTRICA AR,202511,202607
2026,2,Parque Eólico Olavarría,81437.32,7208.51.00,Energía,Buenos Aires,RIGI - GENERACION ELECTRICA AR,202511,202607
2026,2,Parque Eólico Olavarría,89198.69,7208.51.00,Energía,Buenos Aires,RIGI - GENERACION ELECTRICA AR,202511,202607
2026,2,Parque Eólico Olavarría,90378.92,7208.51.00,Energía,Buenos Aires,RIGI - GENERACION ELECTRICA AR,202511,202607
2026,2,Parque Eólico Olavarría,157824.91,7208.51.00,Energía,Buenos Aires,RIGI - GENERACION ELECTRICA AR,202511,202607
2026,2,Parque Eólico Olavarría,164641.37,7208.51.00,Energía,Buenos Aires,RIGI - GENERACION ELECTRICA AR,202511,202607
2026,2,Parque Eólico Olavarría,171819.55,7208.51.00,Energía,Buenos Aires,RIGI - GENERACION ELECTRICA AR,202511,202607
2026,2,Parque Eólico Olavarría,129155.67,7208.51.00,Energía,Buenos Aires,RIGI - GENERACION ELECTRICA AR,202511,202607
2026,2,Parque Eólico Olavarría,20047.81,7208.51.00,Energía,Buenos Aires,RIGI - GENERACION ELECTRICA AR,202511,202607
2026,2,Parque Eólico Olavarría,16965.83,7208.51.00,Energía,Buenos Aires,RIGI - GENERACION ELECTRICA AR,202511,202607
2026,2,Parque Eólico Olavarría,8521.58,7208.51.00,Energía,Buenos Aires,RIGI - GENERACION ELECTRICA AR,202511,202607
2026,2,Parque Eólico Olavarría,147305.89,7208.51.00,Energía,Buenos Aires,RIGI - GENERACION ELECTRICA AR,202511,202607
2026,2,Parque Eólico Olavarría,5732.58,7208.51.00,Energía,Buenos Aires,RIGI - GENERACION ELECTRICA AR,202511,202607
2026,2,Parque Eólico Olavarría,76925.95,7208.51.00,Energía,Buenos Aires,RIGI - GENERACION ELECTRICA AR,202511,202607
2026,1,Proyecto Rincón,8720.65,4010.39.00,Minería,Salta,RIGI - RINCON MINING PTY LIMIT,202507,202607
2026,1,Proyecto Rincón,3706.71,3917.40.90,Minería,Salta,RIGI - RINCON MINING PTY LIMIT,202507,202607
2026,1,Proyecto Rincón,2131.2,3917.40.90,Minería,Salta,RIGI - RINCON MINING PTY LIMIT,202507,202607
2026,1,Proyecto Rincón,1947.54,3917.40.90,Minería,Salta,RIGI - RINCON MINING PTY LIMIT,202507,202607
2026,1,Parque Eólico Olavarría,250447.21,7308.90.90,Energía,Buenos Aires,RIGI - GENERACION ELECTRICA AR,202511,202607
2026,1,Parque Eólico Olavarría,84142.07,7308.90.90,Energía,Buenos Aires,RIGI - GENERACION ELECTRICA AR,202511,202607
2026,1,Proyecto Rincón,15361.92,3917.21.00,Minería,Salta,RIGI - RINCON MINING PTY LIMIT,202507,202607
2026,1,Proyecto Rincón,136.35,3917.40.90,Minería,Salta,RIGI - RINCON MINING PTY LIMIT,202507,202607
2026,1,Proyecto Rincón,697.84,4016.93.00,Minería,Salta,RIGI - RINCON MINING PTY LIMIT,202507,202607
2026,1,Vaca Muerta Oleoducto Sur (VMOS),26359.22,3917.40.90,Petróleo y Gas,Río Negro,RIGI - VMOS S. A.             ,202505,202607
2026,1,Vaca Muerta Oleoducto Sur (VMOS),345529.8,7309.00.90,Petróleo y Gas,Río Negro,RIGI - VMOS S. A.             ,202505,202607
2026,1,Vaca Muerta Oleoducto Sur (VMOS),320.88,5603.14.90,Petróleo y Gas,Río Negro,RIGI - VMOS S. A.             ,202505,202607
2026,1,Vaca Muerta Oleoducto Sur (VMOS),238.74,3926.90.90,Petróleo y Gas,Río Negro,RIGI - VMOS S. A.             ,202505,202607
2026,1,Vaca Muerta Oleoducto Sur (VMOS),1016.12,9030.90.90,Petróleo y Gas,Río Negro,RIGI - VMOS S. A.             ,202505,202607
2026,1,Vaca Muerta Oleoducto Sur (VMOS),25663.86,3917.21.00,Petróleo y Gas,Río Negro,RIGI - VMOS S. A.             ,202505,202607
2026,3,Proyecto Rincón,20664.72,3917.21.00,Minería,Salta,RIGI - RINCON MINING PTY LIMIT,202507,202607
2026,3,Parque Eólico Olavarría,66542.14,7308.90.90,Energía,Buenos Aires,RIGI - GENERACION ELECTRICA AR,202511,202607
2026,3,Parque Eólico Olavarría,354074.8,8544.60.00,Energía,Buenos Aires,RIGI - GENERACION ELECTRICA AR,202511,202607
2026,3,Proyecto Rincón,177.31,7307.29.00,Minería,Salta,RIGI - RINCON MINING PTY LIMIT,202507,202607
2026,3,Hombre Muerto Oeste (HMW),636.57,6211.39.90,Minería,Catamarca,RIGI - GALAN LITIO SDE        ,202511,202607
2026,3,Hombre Muerto Oeste (HMW),112.65,3926.90.90,Minería,Catamarca,RIGI - GALAN LITIO SDE        ,202511,202607
2026,3,Hombre Muerto Oeste (HMW),106.28,7318.15.00,Minería,Catamarca,RIGI - GALAN LITIO SDE        ,202511,202607
2026,3,Parque Eólico Olavarría,10345.98,7308.90.90,Energía,Buenos Aires,RIGI - GENERACION ELECTRICA AR,202511,202607
2026,3,Proyecto Rincón,2951.61,7307.29.00,Minería,Salta,RIGI - RINCON MINING PTY LIMIT,202507,202607
2026,3,Proyecto Rincón,173.37,8484.10.00,Minería,Salta,RIGI - RINCON MINING PTY LIMIT,202507,202607
2026,3,Proyecto Rincón,1495.69,3917.40.90,Minería,Salta,RIGI - RINCON MINING PTY LIMIT,202507,202607
2026,3,Proyecto Rincón,1114.66,8421.99.99,Minería,Salta,RIGI - RINCON MINING PTY LIMIT,202507,202607
2026,3,Proyecto Rincón,1110.69,7307.29.00,Minería,Salta,RIGI - RINCON MINING PTY LIMIT,202507,202607
2026,3,Proyecto Rincón,33600,8421.99.99,Minería,Salta,RIGI - RINCON MINING PTY LIMIT,202507,202607
2026,3,Proyecto Rincón,6624.98,8421.99.99,Minería,Salta,RIGI - RINCON MINING PTY LIMIT,202507,202607
2026,3,Proyecto Siderúrgico Argentino Sidersa,134645.49,8536.90.90,Siderurgia,Buenos Aires,RIGI - SIDERSA ACERIA SDE     ,202508,202607
2026,3,Proyecto Siderúrgico Argentino Sidersa,240.58,3403.99.00,Siderurgia,Buenos Aires,RIGI - SIDERSA ACERIA SDE     ,202508,202607
2026,3,Proyecto Rincón,1173.75,3917.40.90,Minería,Salta,RIGI - RINCON MINING PTY LIMIT,202507,202607
2026,3,Proyecto Rincón,6.54,3917.40.90,Minería,Salta,RIGI - RINCON MINING PTY LIMIT,202507,202607
2026,3,Proyecto Rincón,90.9,3917.40.90,Minería,Salta,RIGI - RINCON MINING PTY LIMIT,202507,202607
2026,3,Proyecto Rincón,10.08,4016.93.00,Minería,Salta,RIGI - RINCON MINING PTY LIMIT,202507,202607
2026,3,Vaca Muerta Oleoducto Sur (VMOS),8947.04,3917.21.00,Petróleo y Gas,Río Negro,RIGI - VMOS S. A.             ,202505,202607
2026,3,Vaca Muerta Oleoducto Sur (VMOS),5098.85,7307.93.00,Petróleo y Gas,Río Negro,RIGI - VMOS S. A.             ,202505,202607
2026,3,Vaca Muerta Oleoducto Sur (VMOS),4208.24,7307.93.00,Petróleo y Gas,Río Negro,RIGI - VMOS S. A.             ,202505,202607
2026,3,Vaca Muerta Oleoducto Sur (VMOS),4338.66,3917.21.00,Petróleo y Gas,Río Negro,RIGI - VMOS S. A.             ,202505,202607
2026,3,Vaca Muerta Oleoducto Sur (VMOS),1608.39,7508.90.90,Petróleo y Gas,Río Negro,RIGI - VMOS S. A.             ,202505,202607
2026,3,Vaca Muerta Oleoducto Sur (VMOS),1998,8609.00.00,Petróleo y Gas,Río Negro,RIGI - VMOS S. A.             ,202505,202607
2026,3,Vaca Muerta Oleoducto Sur (VMOS),575251.53,3917.21.00,Petróleo y Gas,Río Negro,RIGI - VMOS S. A.             ,202505,202607
2026,3,Proyecto Siderúrgico Argentino Sidersa,1144.83,8538.90.90,Siderurgia,Buenos Aires,RIGI - SIDERSA ACERIA SDE     ,202508,202607
2026,3,Hombre Muerto Oeste (HMW),30256.04,3917.40.90,Minería,Catamarca,RIGI - GALAN LITIO SDE        ,202511,202607
2026,1,Vaca Muerta Oleoducto Sur (VMOS),199371.49,3917.21.00,Petróleo y Gas,Río Negro,RIGI - VMOS S. A.             ,202505,202607
2026,1,Vaca Muerta Oleoducto Sur (VMOS),20337.3,9030.90.90,Petróleo y Gas,Río Negro,RIGI - VMOS S. A.             ,202505,202607
2026,1,Vaca Muerta Oleoducto Sur (VMOS),55042.7,3917.40.90,Petróleo y Gas,Río Negro,RIGI - VMOS S. A.             ,202505,202607
2026,1,Proyecto Rincón,61994.16,3917.21.00,Minería,Salta,RIGI - RINCON MINING PTY LIMIT,202507,202607
2026,3,Vaca Muerta Oleoducto Sur (VMOS),904.72,4016.93.00,Petróleo y Gas,Río Negro,RIGI - VMOS S. A.             ,202505,202607
2026,3,Vaca Muerta Oleoducto Sur (VMOS),120314.38,3917.21.00,Petróleo y Gas,Río Negro,RIGI - VMOS S. A.             ,202505,202607
2026,4,Proyecto Rincón,639.3,8536.50.90,Minería,Salta,RIGI - RINCON MINING PTY LIMIT,202507,202607
2026,4,Proyecto Rincón,11792,8421.29.90,Minería,Salta,RIGI - RINCON MINING PTY LIMIT,202507,202607
2026,4,Parque Eólico Olavarría,415263.16,8544.60.00,Energía,Buenos Aires,RIGI - GENERACION ELECTRICA AR,202511,202607
2026,4,Proyecto Rincón,1820.84,3917.40.90,Minería,Salta,RIGI - RINCON MINING PTY LIMIT,202507,202607
2026,4,Proyecto Siderúrgico Argentino Sidersa,177240.5,8536.90.90,Siderurgia,Buenos Aires,RIGI - SIDERSA ACERIA SDE     ,202508,202607
2026,4,Hombre Muerto Oeste (HMW),1910250,8421.99.99,Minería,Catamarca,RIGI - GALAN LITIO SDE        ,202511,202607
2026,4,Hombre Muerto Oeste (HMW),1189188,8479.82.10,Minería,Catamarca,RIGI - GALAN LITIO SDE        ,202511,202607
2026,4,Hombre Muerto Oeste (HMW),19688.16,8419.50.10,Minería,Catamarca,RIGI - GALAN LITIO SDE        ,202511,202607
2026,4,Proyecto Rincón,40.08,3917.40.90,Minería,Salta,RIGI - RINCON MINING PTY LIMIT,202507,202607
2026,4,Vaca Muerta Oleoducto Sur (VMOS),68251.78,7308.90.90,Petróleo y Gas,Río Negro,RIGI - VMOS S. A.             ,202505,202607
2026,4,Vaca Muerta Oleoducto Sur (VMOS),3141.11,7308.90.90,Petróleo y Gas,Río Negro,RIGI - VMOS S. A.             ,202505,202607
2026,4,Vaca Muerta Oleoducto Sur (VMOS),52364.87,7307.91.00,Petróleo y Gas,Río Negro,RIGI - VMOS S. A.             ,202505,202607
2026,4,Vaca Muerta Oleoducto Sur (VMOS),47299.55,3506.10.90,Petróleo y Gas,Río Negro,RIGI - VMOS S. A.             ,202505,202607
2026,4,Vaca Muerta Oleoducto Sur (VMOS),5689.35,7307.93.00,Petróleo y Gas,Río Negro,RIGI - VMOS S. A.             ,202505,202607
2026,4,Vaca Muerta Oleoducto Sur (VMOS),190.43,7307.93.00,Petróleo y Gas,Río Negro,RIGI - VMOS S. A.             ,202505,202607
2026,4,Vaca Muerta Oleoducto Sur (VMOS),5294.98,7307.93.00,Petróleo y Gas,Río Negro,RIGI - VMOS S. A.             ,202505,202607
2026,4,Vaca Muerta Oleoducto Sur (VMOS),379.3,7307.93.00,Petróleo y Gas,Río Negro,RIGI - VMOS S. A.             ,202505,202607
2026,4,Vaca Muerta Oleoducto Sur (VMOS),6006.88,7307.93.00,Petróleo y Gas,Río Negro,RIGI - VMOS S. A.             ,202505,202607
2026,4,Vaca Muerta Oleoducto Sur (VMOS),26.68,7307.93.00,Petróleo y Gas,Río Negro,RIGI - VMOS S. A.             ,202505,202607
2026,4,Vaca Muerta Oleoducto Sur (VMOS),103.42,7307.93.00,Petróleo y Gas,Río Negro,RIGI - VMOS S. A.             ,202505,202607
2026,4,Vaca Muerta Oleoducto Sur (VMOS),9448.88,7307.93.00,Petróleo y Gas,Río Negro,RIGI - VMOS S. A.             ,202505,202607
2026,4,Vaca Muerta Oleoducto Sur (VMOS),116.86,8481.80.93,Petróleo y Gas,Río Negro,RIGI - VMOS S. A.             ,202505,202607
2026,4,Vaca Muerta Oleoducto Sur (VMOS),65315.71,7308.90.90,Petróleo y Gas,Río Negro,RIGI - VMOS S. A.             ,202505,202607
2026,4,Vaca Muerta Oleoducto Sur (VMOS),2464.11,8528.59.00,Petróleo y Gas,Río Negro,RIGI - VMOS S. A.             ,202505,202607
2026,4,Vaca Muerta Oleoducto Sur (VMOS),3352.98,9025.90.90,Petróleo y Gas,Río Negro,RIGI - VMOS S. A.             ,202505,202607
2026,4,Vaca Muerta Oleoducto Sur (VMOS),7799.48,9026.90.90,Petróleo y Gas,Río Negro,RIGI - VMOS S. A.             ,202505,202607
2026,4,Vaca Muerta Oleoducto Sur (VMOS),23.59,8536.10.00,Petróleo y Gas,Río Negro,RIGI - VMOS S. A.             ,202505,202607
2026,4,Vaca Muerta Oleoducto Sur (VMOS),83.04,8538.90.10,Petróleo y Gas,Río Negro,RIGI - VMOS S. A.             ,202505,202607
2026,4,Vaca Muerta Oleoducto Sur (VMOS),94.37,6815.19.00,Petróleo y Gas,Río Negro,RIGI - VMOS S. A.             ,202505,202607
2026,4,Vaca Muerta Oleoducto Sur (VMOS),390699.53,9406.90.20,Petróleo y Gas,Río Negro,RIGI - VMOS S. A.             ,202505,202607
2026,4,Vaca Muerta Oleoducto Sur (VMOS),215694.78,8426.19.00,Petróleo y Gas,Río Negro,RIGI - VMOS S. A.             ,202505,202607
2026,4,Vaca Muerta Oleoducto Sur (VMOS),1020.95,7307.93.00,Petróleo y Gas,Río Negro,RIGI - VMOS S. A.             ,202505,202607
2026,4,Vaca Muerta Oleoducto Sur (VMOS),393.37,7307.93.00,Petróleo y Gas,Río Negro,RIGI - VMOS S. A.             ,202505,202607
2026,4,Vaca Muerta Oleoducto Sur (VMOS),4914.53,7307.93.00,Petróleo y Gas,Río Negro,RIGI - VMOS S. A.             ,202505,202607
2026,4,Vaca Muerta Oleoducto Sur (VMOS),13.55,7307.93.00,Petróleo y Gas,Río Negro,RIGI - VMOS S. A.             ,202505,202607
2026,4,Vaca Muerta Oleoducto Sur (VMOS),1258.6,7307.93.00,Petróleo y Gas,Río Negro,RIGI - VMOS S. A.             ,202505,202607
2026,4,Vaca Muerta Oleoducto Sur (VMOS),6418.86,7307.93.00,Petróleo y Gas,Río Negro,RIGI - VMOS S. A.             ,202505,202607
2026,2,Vaca Muerta Oleoducto Sur (VMOS),4510.87,7307.93.00,Petróleo y Gas,Río Negro,RIGI - VMOS S. A.             ,202505,202607
2026,2,Parque Eólico Olavarría,7505.54,7208.51.00,Energía,Buenos Aires,RIGI - GENERACION ELECTRICA AR,202511,202607
2026,2,Parque Eólico Olavarría,15487.27,7208.51.00,Energía,Buenos Aires,RIGI - GENERACION ELECTRICA AR,202511,202607
2026,2,Parque Eólico Olavarría,24742.23,7208.51.00,Energía,Buenos Aires,RIGI - GENERACION ELECTRICA AR,202511,202607
2026,2,Parque Eólico Olavarría,6135.7,7208.51.00,Energía,Buenos Aires,RIGI - GENERACION ELECTRICA AR,202511,202607
2026,2,Parque Eólico Olavarría,23450.68,7208.51.00,Energía,Buenos Aires,RIGI - GENERACION ELECTRICA AR,202511,202607
2026,2,Vaca Muerta Oleoducto Sur (VMOS),62376.18,7307.93.00,Petróleo y Gas,Río Negro,RIGI - VMOS S. A.             ,202505,202607
2026,2,Parque Eólico Olavarría,95391.47,7208.51.00,Energía,Buenos Aires,RIGI - GENERACION ELECTRICA AR,202511,202607
2026,2,Parque Eólico Olavarría,77209.36,7208.51.00,Energía,Buenos Aires,RIGI - GENERACION ELECTRICA AR,202511,202607
2026,2,Parque Eólico Olavarría,101328.09,7208.51.00,Energía,Buenos Aires,RIGI - GENERACION ELECTRICA AR,202511,202607
2026,2,Parque Eólico Olavarría,56958.33,7208.51.00,Energía,Buenos Aires,RIGI - GENERACION ELECTRICA AR,202511,202607
2026,2,Parque Eólico Olavarría,114800,7208.51.00,Energía,Buenos Aires,RIGI - GENERACION ELECTRICA AR,202511,202607
2026,2,Parque Eólico Olavarría,143751.79,7208.51.00,Energía,Buenos Aires,RIGI - GENERACION ELECTRICA AR,202511,202607
2026,2,Parque Eólico Olavarría,189803.35,7208.51.00,Energía,Buenos Aires,RIGI - GENERACION ELECTRICA AR,202511,202607
2026,2,Parque Solar El Quemado y Anexos,2228803.87,8504.23.00,Energía,Mendoza,RIGI - LUZ DEL CAMPO S. A.    ,202501,202607
2026,2,Parque Eólico Olavarría,82139.5,7208.51.00,Energía,Buenos Aires,RIGI - GENERACION ELECTRICA AR,202511,202607
2026,2,Parque Eólico Olavarría,130856.18,7208.51.00,Energía,Buenos Aires,RIGI - GENERACION ELECTRICA AR,202511,202607
2026,2,Parque Eólico Olavarría,138515.92,7208.51.00,Energía,Buenos Aires,RIGI - GENERACION ELECTRICA AR,202511,202607
2026,2,Parque Eólico Olavarría,152648.35,7208.51.00,Energía,Buenos Aires,RIGI - GENERACION ELECTRICA AR,202511,202607
2026,2,Parque Eólico Olavarría,183729.89,7208.51.00,Energía,Buenos Aires,RIGI - GENERACION ELECTRICA AR,202511,202607
2026,2,Parque Eólico Olavarría,155559.79,7208.51.00,Energía,Buenos Aires,RIGI - GENERACION ELECTRICA AR,202511,202607
2026,1,Proyecto Rincón,341.76,4016.93.00,Minería,Salta,RIGI - RINCON MINING PTY LIMIT,202507,202607
2026,1,Proyecto Rincón,676.88,3917.40.90,Minería,Salta,RIGI - RINCON MINING PTY LIMIT,202507,202607
2026,1,Proyecto Rincón,26.88,4016.93.00,Minería,Salta,RIGI - RINCON MINING PTY LIMIT,202507,202607
2026,1,Parque Eólico Olavarría,42737.37,7208.51.00,Energía,Buenos Aires,RIGI - GENERACION ELECTRICA AR,202511,202607
2026,2,Parque Eólico Olavarría,55293.66,7308.90.90,Energía,Buenos Aires,RIGI - GENERACION ELECTRICA AR,202511,202607
2026,2,Parque Eólico Olavarría,7445.85,7208.51.00,Energía,Buenos Aires,RIGI - GENERACION ELECTRICA AR,202511,202607
2026,2,Parque Eólico Olavarría,16547.57,7208.51.00,Energía,Buenos Aires,RIGI - GENERACION ELECTRICA AR,202511,202607
2026,2,Parque Eólico Olavarría,9693.05,7208.51.00,Energía,Buenos Aires,RIGI - GENERACION ELECTRICA AR,202511,202607
2026,1,Parque Eólico Olavarría,19372.69,7208.51.00,Energía,Buenos Aires,RIGI - GENERACION ELECTRICA AR,202511,202607
2026,3,Proyecto Rincón,2210.34,8424.90.90,Minería,Salta,RIGI - RINCON MINING PTY LIMIT,202507,202607
2026,3,Proyecto Rincón,3659.67,7307.22.00,Minería,Salta,RIGI - RINCON MINING PTY LIMIT,202507,202607
2026,3,Proyecto Rincón,371.79,7307.22.00,Minería,Salta,RIGI - RINCON MINING PTY LIMIT,202507,202607
2026,3,Proyecto Rincón,846.1,3917.40.90,Minería,Salta,RIGI - RINCON MINING PTY LIMIT,202507,202607
2026,3,Proyecto Rincón,14.42,3917.40.90,Minería,Salta,RIGI - RINCON MINING PTY LIMIT,202507,202607
2026,3,Proyecto Rincón,141.93,3917.40.90,Minería,Salta,RIGI - RINCON MINING PTY LIMIT,202507,202607
2026,3,Proyecto Rincón,11575,8421.29.90,Minería,Salta,RIGI - RINCON MINING PTY LIMIT,202507,202607
2026,3,Vaca Muerta Oleoducto Sur (VMOS),2234.71,7307.99.00,Petróleo y Gas,Río Negro,RIGI - VMOS S. A.             ,202505,202607
2026,3,Vaca Muerta Oleoducto Sur (VMOS),120.63,4016.93.00,Petróleo y Gas,Río Negro,RIGI - VMOS S. A.             ,202505,202607
2026,3,Proyecto Rincón,2860.45,8424.90.90,Minería,Salta,RIGI - RINCON MINING PTY LIMIT,202507,202607
2026,3,Proyecto Rincón,4210.57,8481.80.99,Minería,Salta,RIGI - RINCON MINING PTY LIMIT,202507,202607
2026,1,Parque Eólico Olavarría,415580.35,7308.90.90,Energía,Buenos Aires,RIGI - GENERACION ELECTRICA AR,202511,202607
2026,1,Parque Eólico Olavarría,31707.74,7208.51.00,Energía,Buenos Aires,RIGI - GENERACION ELECTRICA AR,202511,202607
2026,3,Proyecto Siderúrgico Argentino Sidersa,43.98,7326.90.90,Siderurgia,Buenos Aires,RIGI - SIDERSA ACERIA SDE     ,202508,202607
2026,3,Proyecto Rincón,11289.88,8421.99.99,Minería,Salta,RIGI - RINCON MINING PTY LIMIT,202507,202607
2026,4,Vaca Muerta Oleoducto Sur (VMOS),1249.32,7307.93.00,Petróleo y Gas,Río Negro,RIGI - VMOS S. A.             ,202505,202607
2026,4,Vaca Muerta Oleoducto Sur (VMOS),583.96,7307.93.00,Petróleo y Gas,Río Negro,RIGI - VMOS S. A.             ,202505,202607
2026,4,Vaca Muerta Oleoducto Sur (VMOS),1045.45,7307.93.00,Petróleo y Gas,Río Negro,RIGI - VMOS S. A.             ,202505,202607
2026,4,Vaca Muerta Oleoducto Sur (VMOS),614.97,7307.93.00,Petróleo y Gas,Río Negro,RIGI - VMOS S. A.             ,202505,202607
2026,4,Vaca Muerta Oleoducto Sur (VMOS),203.25,7307.93.00,Petróleo y Gas,Río Negro,RIGI - VMOS S. A.             ,202505,202607
2026,4,Vaca Muerta Oleoducto Sur (VMOS),6220158.43,9026.10.19,Petróleo y Gas,Río Negro,RIGI - VMOS S. A.             ,202505,202607
2026,4,Vaca Muerta Oleoducto Sur (VMOS),217.05,8524.91.00,Petróleo y Gas,Río Negro,RIGI - VMOS S. A.             ,202505,202607
2026,4,Vaca Muerta Oleoducto Sur (VMOS),802.12,8481.40.00,Petróleo y Gas,Río Negro,RIGI - VMOS S. A.             ,202505,202607
2026,4,Vaca Muerta Oleoducto Sur (VMOS),2701200.61,7315.82.00,Petróleo y Gas,Río Negro,RIGI - VMOS S. A.             ,202505,202607
2026,4,Vaca Muerta Oleoducto Sur (VMOS),41587.47,3917.40.90,Petróleo y Gas,Río Negro,RIGI - VMOS S. A.             ,202505,202607
2026,4,Vaca Muerta Oleoducto Sur (VMOS),9454.75,4016.93.00,Petróleo y Gas,Río Negro,RIGI - VMOS S. A.             ,202505,202607
2026,4,Vaca Muerta Oleoducto Sur (VMOS),30078.19,3917.29.00,Petróleo y Gas,Río Negro,RIGI - VMOS S. A.             ,202505,202607
2026,4,Vaca Muerta Oleoducto Sur (VMOS),16619.5,8481.80.95,Petróleo y Gas,Río Negro,RIGI - VMOS S. A.             ,202505,202607
2026,4,Vaca Muerta Oleoducto Sur (VMOS),207.61,9031.80.99,Petróleo y Gas,Río Negro,RIGI - VMOS S. A.             ,202505,202607
2026,4,Vaca Muerta Oleoducto Sur (VMOS),622.83,8538.90.90,Petróleo y Gas,Río Negro,RIGI - VMOS S. A.             ,202505,202607
2026,4,Vaca Muerta Oleoducto Sur (VMOS),42559.81,8481.90.90,Petróleo y Gas,Río Negro,RIGI - VMOS S. A.             ,202505,202607
2026,4,Proyecto Rincón,271.8,8504.50.90,Minería,Salta,RIGI - RINCON MINING PTY LIMIT,202507,202607
2026,5,Parque Eólico Olavarría,214404.06,8502.31.00,Energía,Buenos Aires,RIGI - GENERACION ELECTRICA AR,202511,202607
2026,5,Proyecto Rincón,61994.16,3917.21.00,Minería,Salta,RIGI - RINCON MINING PTY LIMIT,202507,202607
2026,5,Proyecto Rincón,25159.68,3917.21.00,Minería,Salta,RIGI - RINCON MINING PTY LIMIT,202507,202607
2026,5,Proyecto Rincón,264330,3917.40.90,Minería,Salta,RIGI - RINCON MINING PTY LIMIT,202507,202607
2026,5,Proyecto Rincón,2971836.09,8421.29.90,Minería,Salta,RIGI - RINCON MINING PTY LIMIT,202507,202607
2026,5,Proyecto Rincón,830.4,7326.90.90,Minería,Salta,RIGI - RINCON MINING PTY LIMIT,202507,202607
2026,5,Proyecto Rincón,6005.18,5909.00.00,Minería,Salta,RIGI - RINCON MINING PTY LIMIT,202507,202607
2026,5,Proyecto Rincón,1049.87,7307.29.00,Minería,Salta,RIGI - RINCON MINING PTY LIMIT,202507,202607
2026,5,Proyecto Rincón,397.45,7326.90.90,Minería,Salta,RIGI - RINCON MINING PTY LIMIT,202507,202607
2026,5,Expansión Fase 1B,42064,8421.99.99,Minería,Catamarca,RIGI - MINERA DEL ALTIPLANO SA,202605,202607
2026,5,Expansión Fase 1B,173,8481.10.00,Minería,Catamarca,RIGI - MINERA DEL ALTIPLANO SA,202605,202607
2026,5,Expansión Fase 1B,597,8482.30.00,Minería,Catamarca,RIGI - MINERA DEL ALTIPLANO SA,202605,202607
2026,5,Expansión Fase 1B,940.5,8483.20.00,Minería,Catamarca,RIGI - MINERA DEL ALTIPLANO SA,202605,202607
2026,5,Expansión Fase 1B,230,8413.91.90,Minería,Catamarca,RIGI - MINERA DEL ALTIPLANO SA,202605,202607
2026,5,Expansión Fase 1B,378,8538.90.90,Minería,Catamarca,RIGI - MINERA DEL ALTIPLANO SA,202605,202607
2026,5,Expansión Fase 1B,1121,8538.90.90,Minería,Catamarca,RIGI - MINERA DEL ALTIPLANO SA,202605,202607
2026,5,Expansión Fase 1B,2083,8517.62.99,Minería,Catamarca,RIGI - MINERA DEL ALTIPLANO SA,202605,202607
2026,5,Expansión Fase 1B,1500,9030.39.90,Minería,Catamarca,RIGI - MINERA DEL ALTIPLANO SA,202605,202607
2026,5,Expansión Fase 1B,1500,9030.32.00,Minería,Catamarca,RIGI - MINERA DEL ALTIPLANO SA,202605,202607
2026,5,Expansión Fase 1B,30,9026.20.90,Minería,Catamarca,RIGI - MINERA DEL ALTIPLANO SA,202605,202607
2026,5,Expansión Fase 1B,50,9017.30.20,Minería,Catamarca,RIGI - MINERA DEL ALTIPLANO SA,202605,202607
2026,5,Expansión Fase 1B,450,8206.00.00,Minería,Catamarca,RIGI - MINERA DEL ALTIPLANO SA,202605,202607
2026,5,Expansión Fase 1B,7500,9031.80.99,Minería,Catamarca,RIGI - MINERA DEL ALTIPLANO SA,202605,202607
2026,5,Expansión Fase 1B,50,8424.90.90,Minería,Catamarca,RIGI - MINERA DEL ALTIPLANO SA,202605,202607
2026,5,Expansión Fase 1B,40,8424.89.90,Minería,Catamarca,RIGI - MINERA DEL ALTIPLANO SA,202605,202607
2026,5,Expansión Fase 1B,39,3926.90.90,Minería,Catamarca,RIGI - MINERA DEL ALTIPLANO SA,202605,202607
2026,5,Expansión Fase 1B,51,9603.90.00,Minería,Catamarca,RIGI - MINERA DEL ALTIPLANO SA,202605,202607
2026,5,Expansión Fase 1B,4,6814.10.00,Minería,Catamarca,RIGI - MINERA DEL ALTIPLANO SA,202605,202607
2026,5,Expansión Fase 1B,30,9031.90.90,Minería,Catamarca,RIGI - MINERA DEL ALTIPLANO SA,202605,202607
2026,5,Expansión Fase 1B,16397.22,8421.99.99,Minería,Catamarca,RIGI - MINERA DEL ALTIPLANO SA,202605,202607
2026,5,Proyecto Rincón,11576.92,8431.39.00,Minería,Salta,RIGI - RINCON MINING PTY LIMIT,202507,202607
2026,5,Proyecto Rincón,1723.75,8501.52.10,Minería,Salta,RIGI - RINCON MINING PTY LIMIT,202507,202607
2026,5,Vaca Muerta Oleoducto Sur (VMOS),8470.42,3917.40.90,Petróleo y Gas,Río Negro,RIGI - VMOS S. A.             ,202505,202607
2026,5,Vaca Muerta Oleoducto Sur (VMOS),7998,8609.00.00,Petróleo y Gas,Río Negro,RIGI - VMOS S. A.             ,202505,202607
2026,5,Vaca Muerta Oleoducto Sur (VMOS),554.75,3917.40.90,Petróleo y Gas,Río Negro,RIGI - VMOS S. A.             ,202505,202607
2026,5,Vaca Muerta Oleoducto Sur (VMOS),4147.36,3917.40.90,Petróleo y Gas,Río Negro,RIGI - VMOS S. A.             ,202505,202607
2026,5,Vaca Muerta Oleoducto Sur (VMOS),4017.6,3917.40.90,Petróleo y Gas,Río Negro,RIGI - VMOS S. A.             ,202505,202607
2026,5,Vaca Muerta Oleoducto Sur (VMOS),289309.01,8413.70.90,Petróleo y Gas,Río Negro,RIGI - VMOS S. A.             ,202505,202607
2026,5,Vaca Muerta Oleoducto Sur (VMOS),794270.02,8413.70.90,Petróleo y Gas,Río Negro,RIGI - VMOS S. A.             ,202505,202607
2026,5,Vaca Muerta Oleoducto Sur (VMOS),830.32,7307.91.00,Petróleo y Gas,Río Negro,RIGI - VMOS S. A.             ,202505,202607
2026,5,Vaca Muerta Oleoducto Sur (VMOS),23175.76,7307.91.00,Petróleo y Gas,Río Negro,RIGI - VMOS S. A.             ,202505,202607
2026,5,Vaca Muerta Oleoducto Sur (VMOS),9990.56,7307.91.00,Petróleo y Gas,Río Negro,RIGI - VMOS S. A.             ,202505,202607
2026,5,Vaca Muerta Oleoducto Sur (VMOS),48831.66,7307.91.00,Petróleo y Gas,Río Negro,RIGI - VMOS S. A.             ,202505,202607
2026,5,Vaca Muerta Oleoducto Sur (VMOS),4384.91,7304.39.90,Petróleo y Gas,Río Negro,RIGI - VMOS S. A.             ,202505,202607
2026,5,Vaca Muerta Oleoducto Sur (VMOS),281739.36,7309.00.90,Petróleo y Gas,Río Negro,RIGI - VMOS S. A.             ,202505,202607
2026,5,Vaca Muerta Oleoducto Sur (VMOS),518294.7,7309.00.90,Petróleo y Gas,Río Negro,RIGI - VMOS S. A.             ,202505,202607
2026,5,Vaca Muerta Oleoducto Sur (VMOS),408596,7309.00.90,Petróleo y Gas,Río Negro,RIGI - VMOS S. A.             ,202505,202607
2026,5,Vaca Muerta Oleoducto Sur (VMOS),25069.79,8484.10.00,Petróleo y Gas,Río Negro,RIGI - VMOS S. A.             ,202505,202607
2026,5,Vaca Muerta Oleoducto Sur (VMOS),762587.21,8413.70.90,Petróleo y Gas,Río Negro,RIGI - VMOS S. A.             ,202505,202607
2026,5,Vaca Muerta Oleoducto Sur (VMOS),11330.39,7307.91.00,Petróleo y Gas,Río Negro,RIGI - VMOS S. A.             ,202505,202607
2026,5,Vaca Muerta Oleoducto Sur (VMOS),8869.38,7326.90.90,Petróleo y Gas,Río Negro,RIGI - VMOS S. A.             ,202505,202607
2026,5,Expansión Fase 1B,1986,8412.31.90,Minería,Catamarca,RIGI - MINERA DEL ALTIPLANO SA,202605,202607
2026,5,Expansión Fase 1B,6771,9027.50.90,Minería,Catamarca,RIGI - MINERA DEL ALTIPLANO SA,202605,202607
2026,5,Expansión Fase 1B,4875,9032.81.00,Minería,Catamarca,RIGI - MINERA DEL ALTIPLANO SA,202605,202607
2026,5,Expansión Fase 1B,1300,8412.31.90,Minería,Catamarca,RIGI - MINERA DEL ALTIPLANO SA,202605,202607
2026,5,Expansión Fase 1B,215,8413.91.90,Minería,Catamarca,RIGI - MINERA DEL ALTIPLANO SA,202605,202607
2026,5,Expansión Fase 1B,524,8538.90.90,Minería,Catamarca,RIGI - MINERA DEL ALTIPLANO SA,202605,202607
2026,5,Proyecto Rincón,21790.08,3917.21.00,Minería,Salta,RIGI - RINCON MINING PTY LIMIT,202507,202607
2026,5,Expansión Fase 1B,12336,8483.30.29,Minería,Catamarca,RIGI - MINERA DEL ALTIPLANO SA,202605,202607
2026,5,Expansión Fase 1B,2000,9031.80.99,Minería,Catamarca,RIGI - MINERA DEL ALTIPLANO SA,202605,202607
2026,5,Expansión Fase 1B,387,8206.00.00,Minería,Catamarca,RIGI - MINERA DEL ALTIPLANO SA,202605,202607
2026,5,Expansión Fase 1B,20,3923.30.90,Minería,Catamarca,RIGI - MINERA DEL ALTIPLANO SA,202605,202607
2026,5,Expansión Fase 1B,5820,4016.93.00,Minería,Catamarca,RIGI - MINERA DEL ALTIPLANO SA,202605,202607
2026,5,Expansión Fase 1B,26,4016.93.00,Minería,Catamarca,RIGI - MINERA DEL ALTIPLANO SA,202605,202607
2026,5,Proyecto Rincón,2125.2,3917.40.90,Minería,Salta,RIGI - RINCON MINING PTY LIMIT,202507,202607
2026,5,Parque Eólico Olavarría,2962.99,8471.49.00,Energía,Buenos Aires,RIGI - GENERACION ELECTRICA AR,202511,202607
2026,5,Proyecto Rincón,84007.74,3917.21.00,Minería,Salta,RIGI - RINCON MINING PTY LIMIT,202507,202607
2026,5,Proyecto Rincón,59032.44,3917.40.90,Minería,Salta,RIGI - RINCON MINING PTY LIMIT,202507,202607
2026,5,Proyecto Rincón,19674.66,3917.40.90,Minería,Salta,RIGI - RINCON MINING PTY LIMIT,202507,202607
2026,5,Parque Eólico Olavarría,158911.37,8502.31.00,Energía,Buenos Aires,RIGI - GENERACION ELECTRICA AR,202511,202607
2026,5,Proyecto Rincón,8087,3917.21.00,Minería,Salta,RIGI - RINCON MINING PTY LIMIT,202507,202607
2026,5,Proyecto Rincón,882.35,7307.29.00,Minería,Salta,RIGI - RINCON MINING PTY LIMIT,202507,202607
2026,5,Proyecto Rincón,445.14,3926.90.90,Minería,Salta,RIGI - RINCON MINING PTY LIMIT,202507,202607
2026,5,Proyecto Rincón,1673.52,7326.90.90,Minería,Salta,RIGI - RINCON MINING PTY LIMIT,202507,202607
2026,5,Proyecto Rincón,20664.72,3917.21.00,Minería,Salta,RIGI - RINCON MINING PTY LIMIT,202507,202607
2026,5,Expansión Fase 1B,7648,8421.99.99,Minería,Catamarca,RIGI - MINERA DEL ALTIPLANO SA,202605,202607
2026,5,Parque Eólico Olavarría,4344883.65,8502.31.00,Energía,Buenos Aires,RIGI - GENERACION ELECTRICA AR,202511,202607
2026,5,Proyecto Rincón,49186.5,3917.40.90,Minería,Salta,RIGI - RINCON MINING PTY LIMIT,202507,202607
2026,5,Proyecto Rincón,6558.2,3917.40.90,Minería,Salta,RIGI - RINCON MINING PTY LIMIT,202507,202607
2026,5,Proyecto Rincón,2949660.09,8421.29.90,Minería,Salta,RIGI - RINCON MINING PTY LIMIT,202507,202607
2026,5,Vaca Muerta Oleoducto Sur (VMOS),159199.4,9001.10.20,Petróleo y Gas,Río Negro,RIGI - VMOS S. A.             ,202505,202607
2026,5,Vaca Muerta Oleoducto Sur (VMOS),306447,7309.00.90,Petróleo y Gas,Río Negro,RIGI - VMOS S. A.             ,202505,202607
2026,5,Vaca Muerta Oleoducto Sur (VMOS),102440.19,3917.29.00,Petróleo y Gas,Río Negro,RIGI - VMOS S. A.             ,202505,202607
2026,5,Vaca Muerta Oleoducto Sur (VMOS),1339.2,3917.40.90,Petróleo y Gas,Río Negro,RIGI - VMOS S. A.             ,202505,202607
2026,5,Vaca Muerta Oleoducto Sur (VMOS),229.3,3917.40.90,Petróleo y Gas,Río Negro,RIGI - VMOS S. A.             ,202505,202607
2026,5,Vaca Muerta Oleoducto Sur (VMOS),7653.18,7318.15.00,Petróleo y Gas,Río Negro,RIGI - VMOS S. A.             ,202505,202607
2026,5,Vaca Muerta Oleoducto Sur (VMOS),20.04,7307.99.00,Petróleo y Gas,Río Negro,RIGI - VMOS S. A.             ,202505,202607
2026,5,Vaca Muerta Oleoducto Sur (VMOS),35.84,7307.93.00,Petróleo y Gas,Río Negro,RIGI - VMOS S. A.             ,202505,202607
2026,5,Vaca Muerta Oleoducto Sur (VMOS),452411.33,7309.00.90,Petróleo y Gas,Río Negro,RIGI - VMOS S. A.             ,202505,202607
2026,5,Vaca Muerta Oleoducto Sur (VMOS),2892.19,3917.40.90,Petróleo y Gas,Río Negro,RIGI - VMOS S. A.             ,202505,202607
2026,5,Parque Eólico Olavarría,104755.23,8502.31.00,Energía,Buenos Aires,RIGI - GENERACION ELECTRICA AR,202511,202607
2026,5,Proyecto Rincón,85600,9027.89.99,Minería,Salta,RIGI - RINCON MINING PTY LIMIT,202507,202607
2026,5,Proyecto Rincón,2478.79,8431.39.00,Minería,Salta,RIGI - RINCON MINING PTY LIMIT,202507,202607
2026,5,Proyecto Rincón,2535.25,8501.10.19,Minería,Salta,RIGI - RINCON MINING PTY LIMIT,202507,202607
2026,5,Proyecto Rincón,12802.48,8483.40.10,Minería,Salta,RIGI - RINCON MINING PTY LIMIT,202507,202607
2026,5,Hombre Muerto Oeste (HMW),27956.89,5911.90.00,Minería,Catamarca,RIGI - GALAN LITIO SDE        ,202511,202607
2026,5,Hombre Muerto Oeste (HMW),33153.5,8413.50.10,Minería,Catamarca,RIGI - GALAN LITIO SDE        ,202511,202607
2026,5,Hombre Muerto Oeste (HMW),19748.18,8413.60.90,Minería,Catamarca,RIGI - GALAN LITIO SDE        ,202511,202607
2026,5,Hombre Muerto Oeste (HMW),32613.79,8413.70.90,Minería,Catamarca,RIGI - GALAN LITIO SDE        ,202511,202607
2026,5,Hombre Muerto Oeste (HMW),4163.46,8413.70.90,Minería,Catamarca,RIGI - GALAN LITIO SDE        ,202511,202607
2026,5,Hombre Muerto Oeste (HMW),3845.23,8413.91.90,Minería,Catamarca,RIGI - GALAN LITIO SDE        ,202511,202607
2026,5,Hombre Muerto Oeste (HMW),663963.64,8421.29.30,Minería,Catamarca,RIGI - GALAN LITIO SDE        ,202511,202607
2026,5,Hombre Muerto Oeste (HMW),52500,8421.99.99,Minería,Catamarca,RIGI - GALAN LITIO SDE        ,202511,202607
2026,5,Hombre Muerto Oeste (HMW),179.02,8413.91.90,Minería,Catamarca,RIGI - GALAN LITIO SDE        ,202511,202607
2026,5,Hombre Muerto Oeste (HMW),553.35,8413.91.90,Minería,Catamarca,RIGI - GALAN LITIO SDE        ,202511,202607
2026,5,Hombre Muerto Oeste (HMW),36.62,8413.91.90,Minería,Catamarca,RIGI - GALAN LITIO SDE        ,202511,202607
2026,5,Hombre Muerto Oeste (HMW),439.42,8413.91.90,Minería,Catamarca,RIGI - GALAN LITIO SDE        ,202511,202607
2026,5,Hombre Muerto Oeste (HMW),20.34,8413.91.90,Minería,Catamarca,RIGI - GALAN LITIO SDE        ,202511,202607
2026,5,Hombre Muerto Oeste (HMW),270.44,4016.93.00,Minería,Catamarca,RIGI - GALAN LITIO SDE        ,202511,202607
2026,5,Parque Eólico Olavarría,190581.39,8502.31.00,Energía,Buenos Aires,RIGI - GENERACION ELECTRICA AR,202511,202607
2026,5,Hombre Muerto Oeste (HMW),9350,8609.00.00,Minería,Catamarca,RIGI - GALAN LITIO SDE        ,202511,202607
2026,5,Hombre Muerto Oeste (HMW),12265.56,5911.90.00,Minería,Catamarca,RIGI - GALAN LITIO SDE        ,202511,202607
2026,5,Hombre Muerto Oeste (HMW),93.58,8413.91.90,Minería,Catamarca,RIGI - GALAN LITIO SDE        ,202511,202607
2026,5,Hombre Muerto Oeste (HMW),789.33,8413.91.90,Minería,Catamarca,RIGI - GALAN LITIO SDE        ,202511,202607
2026,5,Hombre Muerto Oeste (HMW),813.75,8413.91.90,Minería,Catamarca,RIGI - GALAN LITIO SDE        ,202511,202607
2026,5,Hombre Muerto Oeste (HMW),432.7,4016.93.00,Minería,Catamarca,RIGI - GALAN LITIO SDE        ,202511,202607
2026,5,Parque Eólico Olavarría,589352.12,8537.20.90,Energía,Buenos Aires,RIGI - GENERACION ELECTRICA AR,202511,202607
2026,3,Vaca Muerta Oleoducto Sur (VMOS),15532.09,3917.40.90,Petróleo y Gas,Río Negro,RIGI - VMOS S. A.             ,202505,202607
2026,3,Hombre Muerto Oeste (HMW),21.22,9611.00.00,Minería,Catamarca,RIGI - GALAN LITIO SDE        ,202511,202607
2026,6,Parque Eólico Olavarría,67279.61,7318.15.00,Energía,Buenos Aires,RIGI - GENERACION ELECTRICA AR,202511,202607
2026,6,Parque Eólico Olavarría,39631.42,7318.15.00,Energía,Buenos Aires,RIGI - GENERACION ELECTRICA AR,202511,202607
2026,6,Parque Eólico Olavarría,17206.43,7318.15.00,Energía,Buenos Aires,RIGI - GENERACION ELECTRICA AR,202511,202607
2026,6,Parque Eólico Olavarría,13238.01,7610.90.00,Energía,Buenos Aires,RIGI - GENERACION ELECTRICA AR,202511,202607
2026,6,Parque Eólico Olavarría,225.43,3919.90.20,Energía,Buenos Aires,RIGI - GENERACION ELECTRICA AR,202511,202607
2026,6,Parque Eólico Olavarría,233.82,4016.93.00,Energía,Buenos Aires,RIGI - GENERACION ELECTRICA AR,202511,202607
2026,6,Parque Eólico Olavarría,1128.63,7318.14.00,Energía,Buenos Aires,RIGI - GENERACION ELECTRICA AR,202511,202607
2026,6,Parque Eólico Olavarría,1474.86,7318.15.00,Energía,Buenos Aires,RIGI - GENERACION ELECTRICA AR,202511,202607
2026,6,Parque Eólico Olavarría,247.54,8544.42.00,Energía,Buenos Aires,RIGI - GENERACION ELECTRICA AR,202511,202607
2026,6,Parque Eólico Olavarría,445.15,8544.42.00,Energía,Buenos Aires,RIGI - GENERACION ELECTRICA AR,202511,202607
2026,6,Parque Eólico Olavarría,1139.87,8544.42.00,Energía,Buenos Aires,RIGI - GENERACION ELECTRICA AR,202511,202607
2026,6,Parque Eólico Olavarría,683.48,7610.90.00,Energía,Buenos Aires,RIGI - GENERACION ELECTRICA AR,202511,202607
2026,6,Parque Eólico Olavarría,481.13,7318.15.00,Energía,Buenos Aires,RIGI - GENERACION ELECTRICA AR,202511,202607
2026,6,Parque Eólico Olavarría,595.8,3926.90.90,Energía,Buenos Aires,RIGI - GENERACION ELECTRICA AR,202511,202607
2026,6,Parque Eólico Olavarría,455.27,8302.50.00,Energía,Buenos Aires,RIGI - GENERACION ELECTRICA AR,202511,202607
2026,6,Parque Eólico Olavarría,818.37,7308.90.90,Energía,Buenos Aires,RIGI - GENERACION ELECTRICA AR,202511,202607
2026,6,Parque Eólico Olavarría,14921.34,9405.42.00,Energía,Buenos Aires,RIGI - GENERACION ELECTRICA AR,202511,202607
2026,6,Expansión Fase 1B,117530,2836.20.10,Minería,Catamarca,RIGI - MINERA DEL ALTIPLANO SA,202605,202607
2026,6,Proyecto Rincón,112200,3917.40.90,Minería,Salta,RIGI - RINCON MINING PTY LIMIT,202507,202607
2026,6,Proyecto Rincón,1250.71,8474.90.00,Minería,Salta,RIGI - RINCON MINING PTY LIMIT,202507,202607
2026,6,Proyecto Rincón,32181.21,8479.82.90,Minería,Salta,RIGI - RINCON MINING PTY LIMIT,202507,202607
2026,6,Vaca Muerta Oleoducto Sur (VMOS),73389.95,8413.70.90,Petróleo y Gas,Río Negro,RIGI - VMOS S. A.             ,202505,202607
2026,6,Vaca Muerta Oleoducto Sur (VMOS),489103.04,7305.11.00,Petróleo y Gas,Río Negro,RIGI - VMOS S. A.             ,202505,202607
2026,6,Vaca Muerta Oleoducto Sur (VMOS),71997.63,3917.40.90,Petróleo y Gas,Río Negro,RIGI - VMOS S. A.             ,202505,202607
2026,6,Vaca Muerta Oleoducto Sur (VMOS),2791.14,8413.70.90,Petróleo y Gas,Río Negro,RIGI - VMOS S. A.             ,202505,202607
2026,6,Vaca Muerta Oleoducto Sur (VMOS),1504.13,7326.90.90,Petróleo y Gas,Río Negro,RIGI - VMOS S. A.             ,202505,202607
2026,6,Vaca Muerta Oleoducto Sur (VMOS),626342.91,8413.70.90,Petróleo y Gas,Río Negro,RIGI - VMOS S. A.             ,202505,202607
2026,6,Vaca Muerta Oleoducto Sur (VMOS),1423.15,7307.93.00,Petróleo y Gas,Río Negro,RIGI - VMOS S. A.             ,202505,202607
2026,6,Vaca Muerta Oleoducto Sur (VMOS),98.42,7307.99.00,Petróleo y Gas,Río Negro,RIGI - VMOS S. A.             ,202505,202607
2026,6,Vaca Muerta Oleoducto Sur (VMOS),408596,7309.00.90,Petróleo y Gas,Río Negro,RIGI - VMOS S. A.             ,202505,202607
2026,6,Vaca Muerta Oleoducto Sur (VMOS),762587.21,8413.70.90,Petróleo y Gas,Río Negro,RIGI - VMOS S. A.             ,202505,202607
2026,6,Vaca Muerta Oleoducto Sur (VMOS),518061.34,7308.90.90,Petróleo y Gas,Río Negro,RIGI - VMOS S. A.             ,202505,202607
2026,6,Vaca Muerta Oleoducto Sur (VMOS),2783.72,7307.21.00,Petróleo y Gas,Río Negro,RIGI - VMOS S. A.             ,202505,202607
2026,6,Vaca Muerta Oleoducto Sur (VMOS),2515.65,7307.93.00,Petróleo y Gas,Río Negro,RIGI - VMOS S. A.             ,202505,202607
2026,6,Vaca Muerta Oleoducto Sur (VMOS),7295.21,7307.93.00,Petróleo y Gas,Río Negro,RIGI - VMOS S. A.             ,202505,202607
2026,6,Vaca Muerta Oleoducto Sur (VMOS),3061.1,7307.93.00,Petróleo y Gas,Río Negro,RIGI - VMOS S. A.             ,202505,202607
2026,6,Vaca Muerta Oleoducto Sur (VMOS),1589.2,7307.93.00,Petróleo y Gas,Río Negro,RIGI - VMOS S. A.             ,202505,202607
2026,6,Vaca Muerta Oleoducto Sur (VMOS),9434.79,7307.93.00,Petróleo y Gas,Río Negro,RIGI - VMOS S. A.             ,202505,202607
2026,6,Vaca Muerta Oleoducto Sur (VMOS),31503.45,7307.93.00,Petróleo y Gas,Río Negro,RIGI - VMOS S. A.             ,202505,202607
2026,6,Vaca Muerta Oleoducto Sur (VMOS),10491.8,7307.91.00,Petróleo y Gas,Río Negro,RIGI - VMOS S. A.             ,202505,202607
2026,6,Vaca Muerta Oleoducto Sur (VMOS),796.78,7307.93.00,Petróleo y Gas,Río Negro,RIGI - VMOS S. A.             ,202505,202607
2026,6,Vaca Muerta Oleoducto Sur (VMOS),11079.9,8517.62.34,Petróleo y Gas,Río Negro,RIGI - VMOS S. A.             ,202505,202607
2026,6,Vaca Muerta Oleoducto Sur (VMOS),58529.02,8517.62.34,Petróleo y Gas,Río Negro,RIGI - VMOS S. A.             ,202505,202607
2026,6,Vaca Muerta Oleoducto Sur (VMOS),508.81,8544.42.00,Petróleo y Gas,Río Negro,RIGI - VMOS S. A.             ,202505,202607
2026,6,Vaca Muerta Oleoducto Sur (VMOS),7998,8609.00.00,Petróleo y Gas,Río Negro,RIGI - VMOS S. A.             ,202505,202607
2026,6,Vaca Muerta Oleoducto Sur (VMOS),21908.25,7307.93.00,Petróleo y Gas,Río Negro,RIGI - VMOS S. A.             ,202505,202607
2026,6,Vaca Muerta Oleoducto Sur (VMOS),97.53,3917.40.90,Petróleo y Gas,Río Negro,RIGI - VMOS S. A.             ,202505,202607
2026,6,Vaca Muerta Oleoducto Sur (VMOS),649.75,7307.99.00,Petróleo y Gas,Río Negro,RIGI - VMOS S. A.             ,202505,202607
2026,6,Vaca Muerta Oleoducto Sur (VMOS),1090784.97,9406.90.20,Petróleo y Gas,Río Negro,RIGI - VMOS S. A.             ,202505,202607
2026,6,Vaca Muerta Oleoducto Sur (VMOS),433.03,3917.40.90,Petróleo y Gas,Río Negro,RIGI - VMOS S. A.             ,202505,202607
2026,6,Vaca Muerta Oleoducto Sur (VMOS),13925.86,9026.10.19,Petróleo y Gas,Río Negro,RIGI - VMOS S. A.             ,202505,202607
2026,6,Vaca Muerta Oleoducto Sur (VMOS),1837.29,7307.93.00,Petróleo y Gas,Río Negro,RIGI - VMOS S. A.             ,202505,202607
2026,6,Vaca Muerta Oleoducto Sur (VMOS),2542.44,7307.93.00,Petróleo y Gas,Río Negro,RIGI - VMOS S. A.             ,202505,202607
2026,6,Vaca Muerta Oleoducto Sur (VMOS),1822.98,7307.93.00,Petróleo y Gas,Río Negro,RIGI - VMOS S. A.             ,202505,202607
2026,6,Vaca Muerta Oleoducto Sur (VMOS),5883.88,7307.93.00,Petróleo y Gas,Río Negro,RIGI - VMOS S. A.             ,202505,202607
2026,6,Vaca Muerta Oleoducto Sur (VMOS),38509.72,7307.93.00,Petróleo y Gas,Río Negro,RIGI - VMOS S. A.             ,202505,202607
2026,6,Vaca Muerta Oleoducto Sur (VMOS),571.34,7307.93.00,Petróleo y Gas,Río Negro,RIGI - VMOS S. A.             ,202505,202607
2026,6,Vaca Muerta Oleoducto Sur (VMOS),48967.9,8481.80.93,Petróleo y Gas,Río Negro,RIGI - VMOS S. A.             ,202505,202607
2026,6,Vaca Muerta Oleoducto Sur (VMOS),21514.16,8481.80.93,Petróleo y Gas,Río Negro,RIGI - VMOS S. A.             ,202505,202607
2026,6,Vaca Muerta Oleoducto Sur (VMOS),284.06,8481.30.00,Petróleo y Gas,Río Negro,RIGI - VMOS S. A.             ,202505,202607
2026,6,Vaca Muerta Oleoducto Sur (VMOS),48.87,7307.93.00,Petróleo y Gas,Río Negro,RIGI - VMOS S. A.             ,202505,202607
2026,6,Vaca Muerta Oleoducto Sur (VMOS),91.43,7307.93.00,Petróleo y Gas,Río Negro,RIGI - VMOS S. A.             ,202505,202607
2026,6,Vaca Muerta Oleoducto Sur (VMOS),157.64,7307.93.00,Petróleo y Gas,Río Negro,RIGI - VMOS S. A.             ,202505,202607
2026,6,Vaca Muerta Oleoducto Sur (VMOS),14774.51,7326.90.90,Petróleo y Gas,Río Negro,RIGI - VMOS S. A.             ,202505,202607
2026,6,Vaca Muerta Oleoducto Sur (VMOS),10716.61,7307.99.00,Petróleo y Gas,Río Negro,RIGI - VMOS S. A.             ,202505,202607
2026,6,Vaca Muerta Oleoducto Sur (VMOS),11494.2,7305.11.00,Petróleo y Gas,Río Negro,RIGI - VMOS S. A.             ,202505,202607
2026,6,Vaca Muerta Oleoducto Sur (VMOS),1376.27,3917.40.90,Petróleo y Gas,Río Negro,RIGI - VMOS S. A.             ,202505,202607
2026,6,Vaca Muerta Oleoducto Sur (VMOS),877699.1,7309.00.90,Petróleo y Gas,Río Negro,RIGI - VMOS S. A.             ,202505,202607
2026,6,Vaca Muerta Oleoducto Sur (VMOS),61318.16,7307.91.00,Petróleo y Gas,Río Negro,RIGI - VMOS S. A.             ,202505,202607
2026,6,Proyecto Rincón,2907072,8421.29.90,Minería,Salta,RIGI - RINCON MINING PTY LIMIT,202507,202607
2026,6,Expansión Fase 1B,8200,8421.29.90,Minería,Catamarca,RIGI - MINERA DEL ALTIPLANO SA,202605,202607
2026,6,Expansión Fase 1B,3500,8483.30.29,Minería,Catamarca,RIGI - MINERA DEL ALTIPLANO SA,202605,202607
2026,6,Parque Eólico Olavarría,162297.86,7318.15.00,Energía,Buenos Aires,RIGI - GENERACION ELECTRICA AR,202511,202607
2026,6,Parque Eólico Olavarría,95602.4,7318.15.00,Energía,Buenos Aires,RIGI - GENERACION ELECTRICA AR,202511,202607
2026,6,Parque Eólico Olavarría,2096.18,7326.90.90,Energía,Buenos Aires,RIGI - GENERACION ELECTRICA AR,202511,202607
2026,6,Parque Eólico Olavarría,1848.7,7326.90.90,Energía,Buenos Aires,RIGI - GENERACION ELECTRICA AR,202511,202607
2026,6,Parque Eólico Olavarría,2440.55,7318.15.00,Energía,Buenos Aires,RIGI - GENERACION ELECTRICA AR,202511,202607
2026,6,Parque Eólico Olavarría,292.91,7326.90.90,Energía,Buenos Aires,RIGI - GENERACION ELECTRICA AR,202511,202607
2026,6,Parque Eólico Olavarría,1090.22,3926.90.90,Energía,Buenos Aires,RIGI - GENERACION ELECTRICA AR,202511,202607
2026,6,Parque Eólico Olavarría,1214.85,8302.50.00,Energía,Buenos Aires,RIGI - GENERACION ELECTRICA AR,202511,202607
2026,6,Parque Eólico Olavarría,1193.37,7318.22.00,Energía,Buenos Aires,RIGI - GENERACION ELECTRICA AR,202511,202607
2026,6,Parque Eólico Olavarría,1444.5,3926.90.90,Energía,Buenos Aires,RIGI - GENERACION ELECTRICA AR,202511,202607
2026,6,Parque Eólico Olavarría,1632.5,4006.90.00,Energía,Buenos Aires,RIGI - GENERACION ELECTRICA AR,202511,202607
2026,6,Parque Eólico Olavarría,3257.21,8536.50.90,Energía,Buenos Aires,RIGI - GENERACION ELECTRICA AR,202511,202607
2026,6,Proyecto Rincón,210.18,7326.90.90,Minería,Salta,RIGI - RINCON MINING PTY LIMIT,202507,202607
2026,6,Proyecto Rincón,2069161.71,8421.29.90,Minería,Salta,RIGI - RINCON MINING PTY LIMIT,202507,202607
2026,6,Vaca Muerta Oleoducto Sur (VMOS),1303.64,7307.99.00,Petróleo y Gas,Río Negro,RIGI - VMOS S. A.             ,202505,202607
2026,6,Vaca Muerta Oleoducto Sur (VMOS),833482.21,7305.11.00,Petróleo y Gas,Río Negro,RIGI - VMOS S. A.             ,202505,202607
2026,6,Vaca Muerta Oleoducto Sur (VMOS),123886.26,8481.80.93,Petróleo y Gas,Río Negro,RIGI - VMOS S. A.             ,202505,202607
2026,6,Vaca Muerta Oleoducto Sur (VMOS),173.26,7326.90.90,Petróleo y Gas,Río Negro,RIGI - VMOS S. A.             ,202505,202607
2026,6,Vaca Muerta Oleoducto Sur (VMOS),3270.52,7307.93.00,Petróleo y Gas,Río Negro,RIGI - VMOS S. A.             ,202505,202607
2026,6,Vaca Muerta Oleoducto Sur (VMOS),1761.12,7307.93.00,Petróleo y Gas,Río Negro,RIGI - VMOS S. A.             ,202505,202607
2026,6,Vaca Muerta Oleoducto Sur (VMOS),4578.52,8547.90.00,Petróleo y Gas,Río Negro,RIGI - VMOS S. A.             ,202505,202607
2026,6,Vaca Muerta Oleoducto Sur (VMOS),32801.38,8517.62.99,Petróleo y Gas,Río Negro,RIGI - VMOS S. A.             ,202505,202607
2026,6,Vaca Muerta Oleoducto Sur (VMOS),53417.77,8537.10.90,Petróleo y Gas,Río Negro,RIGI - VMOS S. A.             ,202505,202607
2026,6,Vaca Muerta Oleoducto Sur (VMOS),224097.93,7309.00.90,Petróleo y Gas,Río Negro,RIGI - VMOS S. A.             ,202505,202607
2026,6,Vaca Muerta Oleoducto Sur (VMOS),257.81,3917.40.90,Petróleo y Gas,Río Negro,RIGI - VMOS S. A.             ,202505,202607
2026,6,Vaca Muerta Oleoducto Sur (VMOS),26451.37,7308.90.90,Petróleo y Gas,Río Negro,RIGI - VMOS S. A.             ,202505,202607
2026,6,Vaca Muerta Oleoducto Sur (VMOS),1723.87,7307.93.00,Petróleo y Gas,Río Negro,RIGI - VMOS S. A.             ,202505,202607
2026,6,Vaca Muerta Oleoducto Sur (VMOS),842.33,7307.93.00,Petróleo y Gas,Río Negro,RIGI - VMOS S. A.             ,202505,202607
2026,6,Vaca Muerta Oleoducto Sur (VMOS),43.43,7307.99.00,Petróleo y Gas,Río Negro,RIGI - VMOS S. A.             ,202505,202607
2026,6,Vaca Muerta Oleoducto Sur (VMOS),10978.42,7307.99.00,Petróleo y Gas,Río Negro,RIGI - VMOS S. A.             ,202505,202607
2026,6,Vaca Muerta Oleoducto Sur (VMOS),5255.43,7307.99.00,Petróleo y Gas,Río Negro,RIGI - VMOS S. A.             ,202505,202607
2026,6,Vaca Muerta Oleoducto Sur (VMOS),3041.4,7307.99.00,Petróleo y Gas,Río Negro,RIGI - VMOS S. A.             ,202505,202607
2026,6,Vaca Muerta Oleoducto Sur (VMOS),14428.88,7307.91.00,Petróleo y Gas,Río Negro,RIGI - VMOS S. A.             ,202505,202607
2026,6,Vaca Muerta Oleoducto Sur (VMOS),5985.84,7307.93.00,Petróleo y Gas,Río Negro,RIGI - VMOS S. A.             ,202505,202607
2026,6,Parque Eólico Olavarría,328425.4,8537.10.90,Energía,Buenos Aires,RIGI - GENERACION ELECTRICA AR,202511,202607
2026,6,Proyecto Rincón,1638.72,3917.21.00,Minería,Salta,RIGI - RINCON MINING PTY LIMIT,202507,202607
2026,6,Proyecto Rincón,5334,3917.21.00,Minería,Salta,RIGI - RINCON MINING PTY LIMIT,202507,202607
2026,6,Proyecto Rincón,446.67,3917.40.90,Minería,Salta,RIGI - RINCON MINING PTY LIMIT,202507,202607
2026,6,Proyecto Rincón,84.45,3917.40.90,Minería,Salta,RIGI - RINCON MINING PTY LIMIT,202507,202607
2026,6,Proyecto Rincón,7998.64,8421.91.99,Minería,Salta,RIGI - RINCON MINING PTY LIMIT,202507,202607
2026,6,Proyecto Rincón,840.82,8474.90.00,Minería,Salta,RIGI - RINCON MINING PTY LIMIT,202507,202607
2026,6,Proyecto Rincón,1077.3,8474.90.00,Minería,Salta,RIGI - RINCON MINING PTY LIMIT,202507,202607
2026,6,Proyecto Rincón,1424.14,8474.90.00,Minería,Salta,RIGI - RINCON MINING PTY LIMIT,202507,202607
2026,6,Proyecto Rincón,6690,8421.29.90,Minería,Salta,RIGI - RINCON MINING PTY LIMIT,202507,202607
2026,6,Proyecto Rincón,174743.83,8421.29.90,Minería,Salta,RIGI - RINCON MINING PTY LIMIT,202507,202607
2026,6,Proyecto Rincón,201396.9,8421.29.90,Minería,Salta,RIGI - RINCON MINING PTY LIMIT,202507,202607
2026,6,Proyecto Rincón,151451.99,8421.29.90,Minería,Salta,RIGI - RINCON MINING PTY LIMIT,202507,202607
2026,6,Proyecto Rincón,174881.86,8421.29.90,Minería,Salta,RIGI - RINCON MINING PTY LIMIT,202507,202607
2026,6,Proyecto Rincón,20140,8421.29.20,Minería,Salta,RIGI - RINCON MINING PTY LIMIT,202507,202607
2026,6,Parque Eólico Olavarría,219560.03,7318.15.00,Energía,Buenos Aires,RIGI - GENERACION ELECTRICA AR,202511,202607
2026,6,Parque Eólico Olavarría,41506.93,7318.15.00,Energía,Buenos Aires,RIGI - GENERACION ELECTRICA AR,202511,202607
2026,6,Parque Eólico Olavarría,547.83,8536.70.00,Energía,Buenos Aires,RIGI - GENERACION ELECTRICA AR,202511,202607
2026,6,Parque Eólico Olavarría,564.11,4016.93.00,Energía,Buenos Aires,RIGI - GENERACION ELECTRICA AR,202511,202607
2026,6,Parque Eólico Olavarría,816.07,7318.16.00,Energía,Buenos Aires,RIGI - GENERACION ELECTRICA AR,202511,202607
2026,6,Parque Eólico Olavarría,3557.8,7318.15.00,Energía,Buenos Aires,RIGI - GENERACION ELECTRICA AR,202511,202607
2026,6,Parque Eólico Olavarría,2749.75,8544.42.00,Energía,Buenos Aires,RIGI - GENERACION ELECTRICA AR,202511,202607
2026,6,Parque Eólico Olavarría,1160.8,7318.15.00,Energía,Buenos Aires,RIGI - GENERACION ELECTRICA AR,202511,202607
2026,6,Parque Eólico Olavarría,1128.11,3926.90.90,Energía,Buenos Aires,RIGI - GENERACION ELECTRICA AR,202511,202607
2026,6,Parque Eólico Olavarría,61080.1,8507.20.10,Energía,Buenos Aires,RIGI - GENERACION ELECTRICA AR,202511,202607
2026,6,Parque Eólico Olavarría,97820.61,8504.40.40,Energía,Buenos Aires,RIGI - GENERACION ELECTRICA AR,202511,202607
2026,6,Parque Eólico Olavarría,113676.52,8544.70.10,Energía,Buenos Aires,RIGI - GENERACION ELECTRICA AR,202511,202607
2026,6,Expansión Fase 1B,21000,3926.90.90,Minería,Catamarca,RIGI - MINERA DEL ALTIPLANO SA,202605,202607
2026,6,Proyecto Rincón,1449976.19,8421.29.90,Minería,Salta,RIGI - RINCON MINING PTY LIMIT,202507,202607
2026,6,Proyecto Rincón,2122061.79,8421.29.90,Minería,Salta,RIGI - RINCON MINING PTY LIMIT,202507,202607
2026,6,Proyecto Rincón,420217.14,8421.29.90,Minería,Salta,RIGI - RINCON MINING PTY LIMIT,202507,202607
2026,6,Hombre Muerto Oeste (HMW),432,8421.21.00,Minería,Catamarca,RIGI - GALAN LITIO SDE        ,202511,202607
2026,6,Hombre Muerto Oeste (HMW),5400,8421.23.00,Minería,Catamarca,RIGI - GALAN LITIO SDE        ,202511,202607
2026,6,Hombre Muerto Oeste (HMW),540,8421.23.00,Minería,Catamarca,RIGI - GALAN LITIO SDE        ,202511,202607
2026,6,Hombre Muerto Oeste (HMW),160,8421.23.00,Minería,Catamarca,RIGI - GALAN LITIO SDE        ,202511,202607
2026,6,Hombre Muerto Oeste (HMW),1460,8421.31.00,Minería,Catamarca,RIGI - GALAN LITIO SDE        ,202511,202607
2026,6,Hombre Muerto Oeste (HMW),1780,8609.00.00,Minería,Catamarca,RIGI - GALAN LITIO SDE        ,202511,202607
2026,6,Hombre Muerto Oeste (HMW),2400,8609.00.00,Minería,Catamarca,RIGI - GALAN LITIO SDE        ,202511,202607
2026,6,Hombre Muerto Oeste (HMW),27180,9406.90.20,Minería,Catamarca,RIGI - GALAN LITIO SDE        ,202511,202607
2026,6,Parque Eólico Olavarría,91017.29,7318.15.00,Energía,Buenos Aires,RIGI - GENERACION ELECTRICA AR,202511,202607
2026,6,Parque Eólico Olavarría,868.95,7326.90.90,Energía,Buenos Aires,RIGI - GENERACION ELECTRICA AR,202511,202607
2026,6,Parque Eólico Olavarría,766.39,7326.90.90,Energía,Buenos Aires,RIGI - GENERACION ELECTRICA AR,202511,202607
2026,6,Parque Eólico Olavarría,19553.9,7312.10.90,Energía,Buenos Aires,RIGI - GENERACION ELECTRICA AR,202511,202607
2026,6,Parque Eólico Olavarría,449.66,7318.16.00,Energía,Buenos Aires,RIGI - GENERACION ELECTRICA AR,202511,202607
2026,6,Parque Eólico Olavarría,338.37,7318.16.00,Energía,Buenos Aires,RIGI - GENERACION ELECTRICA AR,202511,202607
2026,6,Parque Eólico Olavarría,338.37,7318.22.00,Energía,Buenos Aires,RIGI - GENERACION ELECTRICA AR,202511,202607
2026,6,Parque Eólico Olavarría,1124.14,7318.15.00,Energía,Buenos Aires,RIGI - GENERACION ELECTRICA AR,202511,202607
2026,6,Parque Eólico Olavarría,121.41,7326.90.90,Energía,Buenos Aires,RIGI - GENERACION ELECTRICA AR,202511,202607
2026,6,Parque Eólico Olavarría,379.96,7610.90.00,Energía,Buenos Aires,RIGI - GENERACION ELECTRICA AR,202511,202607
2026,6,Parque Eólico Olavarría,503.62,8302.50.00,Energía,Buenos Aires,RIGI - GENERACION ELECTRICA AR,202511,202607
2026,6,Parque Eólico Olavarría,676.73,7610.90.00,Energía,Buenos Aires,RIGI - GENERACION ELECTRICA AR,202511,202607
2026,6,Parque Eólico Olavarría,944.27,8505.11.00,Energía,Buenos Aires,RIGI - GENERACION ELECTRICA AR,202511,202607
2026,6,Proyecto Rincón,82658.88,3917.21.00,Minería,Salta,RIGI - RINCON MINING PTY LIMIT,202507,202607
2026,6,Proyecto Rincón,61994.16,3917.21.00,Minería,Salta,RIGI - RINCON MINING PTY LIMIT,202507,202607
2026,6,Parque Eólico Olavarría,9550934.65,8502.31.00,Energía,Buenos Aires,RIGI - GENERACION ELECTRICA AR,202511,202607
2026,6,Hombre Muerto Oeste (HMW),450,8421.23.00,Minería,Catamarca,RIGI - GALAN LITIO SDE        ,202511,202607
2026,6,Hombre Muerto Oeste (HMW),876,8504.40.90,Minería,Catamarca,RIGI - GALAN LITIO SDE        ,202511,202607
2026,6,Hombre Muerto Oeste (HMW),4900,8609.00.00,Minería,Catamarca,RIGI - GALAN LITIO SDE        ,202511,202607
2026,4,Vaca Muerta Oleoducto Sur (VMOS),471.84,7307.29.00,Petróleo y Gas,Río Negro,RIGI - VMOS S. A.             ,202505,202607
2026,4,Vaca Muerta Oleoducto Sur (VMOS),11324.11,8537.10.20,Petróleo y Gas,Río Negro,RIGI - VMOS S. A.             ,202505,202607
2026,5,Proyecto Rincón,167.52,7419.80.90,Minería,Salta,RIGI - RINCON MINING PTY LIMIT,202507,202607
2026,5,Proyecto Rincón,2938068,8421.29.90,Minería,Salta,RIGI - RINCON MINING PTY LIMIT,202507,202607
2026,5,Proyecto Rincón,4942.08,3917.21.00,Minería,Salta,RIGI - RINCON MINING PTY LIMIT,202507,202607
2026,5,Expansión Fase 1B,19043,8421.99.99,Minería,Catamarca,RIGI - MINERA DEL ALTIPLANO SA,202605,202607
2026,5,Expansión Fase 1B,2436,8421.99.99,Minería,Catamarca,RIGI - MINERA DEL ALTIPLANO SA,202605,202607
2026,5,Expansión Fase 1B,957,9032.20.00,Minería,Catamarca,RIGI - MINERA DEL ALTIPLANO SA,202605,202607
2026,5,Expansión Fase 1B,4803,8481.80.97,Minería,Catamarca,RIGI - MINERA DEL ALTIPLANO SA,202605,202607
2026,5,Expansión Fase 1B,1518.98,8419.90.39,Minería,Catamarca,RIGI - MINERA DEL ALTIPLANO SA,202605,202607
2026,5,Proyecto Rincón,321.3,3917.40.90,Minería,Salta,RIGI - RINCON MINING PTY LIMIT,202507,202607
2026,5,Expansión Fase 1B,7173.78,5911.90.00,Minería,Catamarca,RIGI - MINERA DEL ALTIPLANO SA,202605,202607
2026,5,Hombre Muerto Oeste (HMW),1875,8413.91.90,Minería,Catamarca,RIGI - GALAN LITIO SDE        ,202511,202607
2026,5,Hombre Muerto Oeste (HMW),341.77,8413.91.90,Minería,Catamarca,RIGI - GALAN LITIO SDE        ,202511,202607
2026,5,Hombre Muerto Oeste (HMW),43.94,8413.91.90,Minería,Catamarca,RIGI - GALAN LITIO SDE        ,202511,202607
2026,5,Hombre Muerto Oeste (HMW),147.51,4016.93.00,Minería,Catamarca,RIGI - GALAN LITIO SDE        ,202511,202607
2026,5,Hombre Muerto Oeste (HMW),724.23,8413.91.90,Minería,Catamarca,RIGI - GALAN LITIO SDE        ,202511,202607
2026,5,Hombre Muerto Oeste (HMW),142.41,8413.91.90,Minería,Catamarca,RIGI - GALAN LITIO SDE        ,202511,202607
2026,5,Hombre Muerto Oeste (HMW),245.85,4016.93.00,Minería,Catamarca,RIGI - GALAN LITIO SDE        ,202511,202607
2026,5,Hombre Muerto Oeste (HMW),737.55,4016.93.00,Minería,Catamarca,RIGI - GALAN LITIO SDE        ,202511,202607
2026,5,Parque Eólico Olavarría,1356.2,8536.50.90,Energía,Buenos Aires,RIGI - GENERACION ELECTRICA AR,202511,202607
2026,5,Proyecto Rincón,102.01,7312.10.90,Minería,Salta,RIGI - RINCON MINING PTY LIMIT,202507,202607
2026,5,Proyecto Rincón,1865.35,7326.90.90,Minería,Salta,RIGI - RINCON MINING PTY LIMIT,202507,202607
2026,5,Expansión Fase 1B,21,8424.20.00,Minería,Catamarca,RIGI - MINERA DEL ALTIPLANO SA,202605,202607
2026,5,Expansión Fase 1B,2,7318.29.00,Minería,Catamarca,RIGI - MINERA DEL ALTIPLANO SA,202605,202607
2026,5,Expansión Fase 1B,52,4016.93.00,Minería,Catamarca,RIGI - MINERA DEL ALTIPLANO SA,202605,202607
2026,5,Proyecto Rincón,83188.8,8481.80.99,Minería,Salta,RIGI - RINCON MINING PTY LIMIT,202507,202607
2026,5,Proyecto Rincón,373.5,3917.40.90,Minería,Salta,RIGI - RINCON MINING PTY LIMIT,202507,202607
2026,7,Proyecto Rincón,25021.37,8421.29.90,Minería,Salta,RIGI - RINCON MINING PTY LIMIT,202507,202607
2026,7,Proyecto Rincón,11442,8421.29.90,Minería,Salta,RIGI - RINCON MINING PTY LIMIT,202507,202607
2026,7,Proyecto Rincón,23154.56,5603.94.20,Minería,Salta,RIGI - RINCON MINING PTY LIMIT,202507,202607
2026,7,Proyecto Rincón,42840.72,5603.94.20,Minería,Salta,RIGI - RINCON MINING PTY LIMIT,202507,202607
2026,5,Proyecto Rincón,494.76,3917.40.90,Minería,Salta,RIGI - RINCON MINING PTY LIMIT,202507,202607
2026,7,Proyecto Rincón,609542.63,8421.29.90,Minería,Salta,RIGI - RINCON MINING PTY LIMIT,202507,202607
2026,7,Ampliación del Tramo I del Gasoducto Perito Francisco Pascasio Moreno (GPM),58588.36,8481.80.95,Petróleo y Gas,Neuquén; Buenos Aires,RIGI - TRANSPORTADORA DE GAS D,202607,202607
2026,7,Ampliación del Tramo I del Gasoducto Perito Francisco Pascasio Moreno (GPM),5086,7311.00.00,Petróleo y Gas,Neuquén; Buenos Aires,RIGI - TRANSPORTADORA DE GAS D,202607,202607
2026,5,Hombre Muerto Oeste (HMW),5000000,8421.29.30,Minería,Catamarca,RIGI - GALAN LITIO SDE        ,202511,202607
2026,7,Proyecto Siderúrgico Argentino Sidersa,3950,8479.89.99,Siderurgia,Buenos Aires,RIGI - SIDERSA ACERIA SDE     ,202508,202607
2026,7,Proyecto Siderúrgico Argentino Sidersa,8123,8454.90.90,Siderurgia,Buenos Aires,RIGI - SIDERSA ACERIA SDE     ,202508,202607
2026,5,Proyecto Rincón,293748,3824.99.79,Minería,Salta,RIGI - RINCON MINING PTY LIMIT,202507,202607
2026,5,Expansión Fase 1B,199,8504.32.21,Minería,Catamarca,RIGI - MINERA DEL ALTIPLANO SA,202605,202607
2026,5,Expansión Fase 1B,278,7307.29.00,Minería,Catamarca,RIGI - MINERA DEL ALTIPLANO SA,202605,202607
2026,5,Expansión Fase 1B,321,8484.20.00,Minería,Catamarca,RIGI - MINERA DEL ALTIPLANO SA,202605,202607
2026,5,Expansión Fase 1B,1268,8538.90.90,Minería,Catamarca,RIGI - MINERA DEL ALTIPLANO SA,202605,202607
2026,5,Expansión Fase 1B,3169,9032.81.00,Minería,Catamarca,RIGI - MINERA DEL ALTIPLANO SA,202605,202607
2026,5,Vaca Muerta Oleoducto Sur (VMOS),221.57,8536.70.00,Petróleo y Gas,Río Negro,RIGI - VMOS S. A.             ,202505,202607
2026,5,Vaca Muerta Oleoducto Sur (VMOS),12600.97,7312.90.00,Petróleo y Gas,Río Negro,RIGI - VMOS S. A.             ,202505,202607
2026,5,Vaca Muerta Oleoducto Sur (VMOS),34735.15,8413.70.90,Petróleo y Gas,Río Negro,RIGI - VMOS S. A.             ,202505,202607
2026,5,Vaca Muerta Oleoducto Sur (VMOS),15661.43,7307.91.00,Petróleo y Gas,Río Negro,RIGI - VMOS S. A.             ,202505,202607
2026,5,Vaca Muerta Oleoducto Sur (VMOS),28426.34,9026.10.29,Petróleo y Gas,Río Negro,RIGI - VMOS S. A.             ,202505,202607
2026,5,Vaca Muerta Oleoducto Sur (VMOS),21410.36,8481.40.00,Petróleo y Gas,Río Negro,RIGI - VMOS S. A.             ,202505,202607
2026,5,Vaca Muerta Oleoducto Sur (VMOS),75149.28,8413.70.90,Petróleo y Gas,Río Negro,RIGI - VMOS S. A.             ,202505,202607
2026,7,Parque Eólico Olavarría,328325.4,8537.10.90,Energía,Buenos Aires,RIGI - GENERACION ELECTRICA AR,202511,202607
2026,7,Proyecto Rincón,1353232.55,8421.29.90,Minería,Salta,RIGI - RINCON MINING PTY LIMIT,202507,202607
2026,7,Proyecto Rincón,209150.23,3920.10.99,Minería,Salta,RIGI - RINCON MINING PTY LIMIT,202507,202607
2026,7,Proyecto Rincón,5338.09,3916.10.00,Minería,Salta,RIGI - RINCON MINING PTY LIMIT,202507,202607
2026,7,Proyecto Rincón,1162.56,3917.21.00,Minería,Salta,RIGI - RINCON MINING PTY LIMIT,202507,202607
2026,7,Proyecto Rincón,1184.8,3917.40.90,Minería,Salta,RIGI - RINCON MINING PTY LIMIT,202507,202607
2026,7,Proyecto Rincón,904.98,3917.40.90,Minería,Salta,RIGI - RINCON MINING PTY LIMIT,202507,202607
2026,7,Proyecto Rincón,129.6,3917.21.00,Minería,Salta,RIGI - RINCON MINING PTY LIMIT,202507,202607
2026,7,Expansión Fase 1B,62930,8483.50.10,Minería,Catamarca,RIGI - MINERA DEL ALTIPLANO SA,202605,202607
2026,7,Expansión Fase 1B,1890,8482.30.00,Minería,Catamarca,RIGI - MINERA DEL ALTIPLANO SA,202605,202607
2026,7,Expansión Fase 1B,2403,9029.20.10,Minería,Catamarca,RIGI - MINERA DEL ALTIPLANO SA,202605,202607
2026,7,Proyecto Rincón,2085256.68,8421.29.90,Minería,Salta,RIGI - RINCON MINING PTY LIMIT,202507,202607
2026,7,Proyecto Rincón,2025583.56,8421.29.90,Minería,Salta,RIGI - RINCON MINING PTY LIMIT,202507,202607
2026,7,Proyecto Rincón,61994.16,3917.21.00,Minería,Salta,RIGI - RINCON MINING PTY LIMIT,202507,202607
2026,7,Proyecto Rincón,277213.3,8421.29.90,Minería,Salta,RIGI - RINCON MINING PTY LIMIT,202507,202607
2026,7,Proyecto Rincón,38928.51,8421.29.90,Minería,Salta,RIGI - RINCON MINING PTY LIMIT,202507,202607
2026,7,Proyecto Rincón,134285.93,8421.29.90,Minería,Salta,RIGI - RINCON MINING PTY LIMIT,202507,202607
2026,7,Proyecto Rincón,104437.77,8421.29.90,Minería,Salta,RIGI - RINCON MINING PTY LIMIT,202507,202607
2026,5,Proyecto Rincón,10450.08,3917.21.00,Minería,Salta,RIGI - RINCON MINING PTY LIMIT,202507,202607
2026,5,Expansión Fase 1B,27246,8421.99.99,Minería,Catamarca,RIGI - MINERA DEL ALTIPLANO SA,202605,202607
2026,7,Expansión Fase 1B,44886.66,8479.90.90,Minería,Catamarca,RIGI - MINERA DEL ALTIPLANO SA,202605,202607
2026,7,Expansión Fase 1B,2884.73,9031.80.99,Minería,Catamarca,RIGI - MINERA DEL ALTIPLANO SA,202605,202607
2026,7,Expansión Fase 1B,926.33,8544.42.00,Minería,Catamarca,RIGI - MINERA DEL ALTIPLANO SA,202605,202607
2026,7,Proyecto Rincón,6973.68,8413.91.90,Minería,Salta,RIGI - RINCON MINING PTY LIMIT,202507,202607
2026,7,Parque Solar El Quemado y Anexos,460,7318.15.00,Energía,Mendoza,RIGI - LUZ DEL CAMPO S. A.    ,202501,202607
2026,7,Parque Solar El Quemado y Anexos,300,7326.90.90,Energía,Mendoza,RIGI - LUZ DEL CAMPO S. A.    ,202501,202607
2026,5,Vaca Muerta Oleoducto Sur (VMOS),102149,7309.00.90,Petróleo y Gas,Río Negro,RIGI - VMOS S. A.             ,202505,202607
2026,5,Vaca Muerta Oleoducto Sur (VMOS),3045.34,3917.40.90,Petróleo y Gas,Río Negro,RIGI - VMOS S. A.             ,202505,202607
2026,5,Vaca Muerta Oleoducto Sur (VMOS),188991.76,7304.39.10,Petróleo y Gas,Río Negro,RIGI - VMOS S. A.             ,202505,202607
2026,5,Vaca Muerta Oleoducto Sur (VMOS),3424.14,7304.39.10,Petróleo y Gas,Río Negro,RIGI - VMOS S. A.             ,202505,202607
2026,5,Vaca Muerta Oleoducto Sur (VMOS),13968.08,8516.80.90,Petróleo y Gas,Río Negro,RIGI - VMOS S. A.             ,202505,202607
2026,5,Expansión Fase 1B,60,4016.93.00,Minería,Catamarca,RIGI - MINERA DEL ALTIPLANO SA,202605,202607
2026,5,Proyecto Rincón,11934,8481.80.99,Minería,Salta,RIGI - RINCON MINING PTY LIMIT,202507,202607
2026,5,Proyecto Rincón,1665.07,8431.39.00,Minería,Salta,RIGI - RINCON MINING PTY LIMIT,202507,202607
2026,5,Proyecto Rincón,4245.72,8483.40.10,Minería,Salta,RIGI - RINCON MINING PTY LIMIT,202507,202607
2026,5,Hombre Muerto Oeste (HMW),313.29,8413.91.90,Minería,Catamarca,RIGI - GALAN LITIO SDE        ,202511,202607
2026,5,Hombre Muerto Oeste (HMW),1505.44,8413.91.90,Minería,Catamarca,RIGI - GALAN LITIO SDE        ,202511,202607
2026,5,Hombre Muerto Oeste (HMW),30.92,8413.91.90,Minería,Catamarca,RIGI - GALAN LITIO SDE        ,202511,202607
2026,5,Hombre Muerto Oeste (HMW),22409.82,8484.20.00,Minería,Catamarca,RIGI - GALAN LITIO SDE        ,202511,202607
2026,5,Hombre Muerto Oeste (HMW),35520.58,8484.20.00,Minería,Catamarca,RIGI - GALAN LITIO SDE        ,202511,202607
2026,5,Proyecto Rincón,6692.14,3917.21.00,Minería,Salta,RIGI - RINCON MINING PTY LIMIT,202507,202607
2026,5,Parque Eólico Olavarría,1151.17,8443.32.35,Energía,Buenos Aires,RIGI - GENERACION ELECTRICA AR,202511,202607
2026,5,Proyecto Rincón,58805.42,3917.21.00,Minería,Salta,RIGI - RINCON MINING PTY LIMIT,202507,202607
2026,5,Proyecto Rincón,42967.1,3917.40.90,Minería,Salta,RIGI - RINCON MINING PTY LIMIT,202507,202607
2026,6,Parque Eólico Olavarría,274151.66,8502.31.00,Energía,Buenos Aires,RIGI - GENERACION ELECTRICA AR,202511,202607
2026,6,Expansión Fase 1B,4100,3926.90.90,Minería,Catamarca,RIGI - MINERA DEL ALTIPLANO SA,202605,202607
2026,6,Proyecto Rincón,550424.31,8421.29.90,Minería,Salta,RIGI - RINCON MINING PTY LIMIT,202507,202607
2026,7,Proyecto Rincón,56.61,7307.91.00,Minería,Salta,RIGI - RINCON MINING PTY LIMIT,202507,202607
2026,7,Proyecto Rincón,1281.6,3917.40.90,Minería,Salta,RIGI - RINCON MINING PTY LIMIT,202507,202607
2026,7,Proyecto Rincón,880.3,3917.40.90,Minería,Salta,RIGI - RINCON MINING PTY LIMIT,202507,202607
2026,7,Proyecto Rincón,2811.6,7307.91.00,Minería,Salta,RIGI - RINCON MINING PTY LIMIT,202507,202607
2026,7,Proyecto Rincón,133.44,3917.40.90,Minería,Salta,RIGI - RINCON MINING PTY LIMIT,202507,202607
2026,7,Parque Eólico Olavarría,7640747.72,8502.31.00,Energía,Buenos Aires,RIGI - GENERACION ELECTRICA AR,202511,202607
2026,7,Parque Eólico Olavarría,4344883.65,8502.31.00,Energía,Buenos Aires,RIGI - GENERACION ELECTRICA AR,202511,202607
2026,7,Expansión Fase 1B,112,7318.15.00,Minería,Catamarca,RIGI - MINERA DEL ALTIPLANO SA,202605,202607
2026,7,Proyecto Rincón,1830674.88,8421.29.90,Minería,Salta,RIGI - RINCON MINING PTY LIMIT,202507,202607
2026,7,Ampliación del Tramo I del Gasoducto Perito Francisco Pascasio Moreno (GPM),31166.46,8517.62.99,Petróleo y Gas,Neuquén; Buenos Aires,RIGI - TRANSPORTADORA DE GAS D,202607,202607
2026,7,Ampliación del Tramo I del Gasoducto Perito Francisco Pascasio Moreno (GPM),3647.6,8517.62.99,Petróleo y Gas,Neuquén; Buenos Aires,RIGI - TRANSPORTADORA DE GAS D,202607,202607
2026,7,Ampliación del Tramo I del Gasoducto Perito Francisco Pascasio Moreno (GPM),1392.72,8517.62.99,Petróleo y Gas,Neuquén; Buenos Aires,RIGI - TRANSPORTADORA DE GAS D,202607,202607
2026,7,Ampliación del Tramo I del Gasoducto Perito Francisco Pascasio Moreno (GPM),37.92,8544.70.10,Petróleo y Gas,Neuquén; Buenos Aires,RIGI - TRANSPORTADORA DE GAS D,202607,202607
2026,7,Ampliación del Tramo I del Gasoducto Perito Francisco Pascasio Moreno (GPM),31.26,8544.70.10,Petróleo y Gas,Neuquén; Buenos Aires,RIGI - TRANSPORTADORA DE GAS D,202607,202607
2026,7,Proyecto Siderúrgico Argentino Sidersa,20791,8709.19.00,Siderurgia,Buenos Aires,RIGI - SIDERSA ACERIA SDE     ,202508,202607
2026,7,Proyecto Siderúrgico Argentino Sidersa,1591,8514.90.00,Siderurgia,Buenos Aires,RIGI - SIDERSA ACERIA SDE     ,202508,202607
2026,7,Proyecto Siderúrgico Argentino Sidersa,7337,8514.90.00,Siderurgia,Buenos Aires,RIGI - SIDERSA ACERIA SDE     ,202508,202607
2026,7,Proyecto Rincón,146.75,7307.91.00,Minería,Salta,RIGI - RINCON MINING PTY LIMIT,202507,202607
2026,7,Proyecto Rincón,207284.61,8421.29.90,Minería,Salta,RIGI - RINCON MINING PTY LIMIT,202507,202607
2026,7,Proyecto Rincón,1275579.18,8421.29.90,Minería,Salta,RIGI - RINCON MINING PTY LIMIT,202507,202607
2026,7,Proyecto Rincón,363243.99,8419.89.99,Minería,Salta,RIGI - RINCON MINING PTY LIMIT,202507,202607
2026,7,Proyecto Rincón,1859.76,3917.21.00,Minería,Salta,RIGI - RINCON MINING PTY LIMIT,202507,202607
2026,7,Proyecto Rincón,182.4,3917.40.90,Minería,Salta,RIGI - RINCON MINING PTY LIMIT,202507,202607
2026,7,Proyecto Rincón,24.18,3917.40.90,Minería,Salta,RIGI - RINCON MINING PTY LIMIT,202507,202607
2026,7,Proyecto Rincón,125,3917.40.90,Minería,Salta,RIGI - RINCON MINING PTY LIMIT,202507,202607
2026,7,Expansión Fase 1B,1302,8431.39.00,Minería,Catamarca,RIGI - MINERA DEL ALTIPLANO SA,202605,202607
2026,7,Expansión Fase 1B,857,8484.20.00,Minería,Catamarca,RIGI - MINERA DEL ALTIPLANO SA,202605,202607
2026,7,Expansión Fase 1B,690,8482.20.90,Minería,Catamarca,RIGI - MINERA DEL ALTIPLANO SA,202605,202607
2026,7,Expansión Fase 1B,246.62,8504.40.29,Minería,Catamarca,RIGI - MINERA DEL ALTIPLANO SA,202605,202607
2026,7,Proyecto Rincón,1700.8,8504.40.50,Minería,Salta,RIGI - RINCON MINING PTY LIMIT,202507,202607
2026,7,Proyecto Rincón,101.64,8504.50.90,Minería,Salta,RIGI - RINCON MINING PTY LIMIT,202507,202607
2026,7,Proyecto Rincón,3632.97,8421.99.99,Minería,Salta,RIGI - RINCON MINING PTY LIMIT,202507,202607
2026,7,Proyecto Rincón,1292.09,3926.90.90,Minería,Salta,RIGI - RINCON MINING PTY LIMIT,202507,202607
2026,7,Proyecto Rincón,125.42,7326.90.90,Minería,Salta,RIGI - RINCON MINING PTY LIMIT,202507,202607
2026,7,Proyecto Rincón,6199.85,8505.90.90,Minería,Salta,RIGI - RINCON MINING PTY LIMIT,202507,202607
2026,7,Proyecto Rincón,5010.48,8505.90.90,Minería,Salta,RIGI - RINCON MINING PTY LIMIT,202507,202607
2026,7,Proyecto Rincón,5597.6,8505.90.90,Minería,Salta,RIGI - RINCON MINING PTY LIMIT,202507,202607
2026,7,Proyecto Rincón,175.16,8484.90.00,Minería,Salta,RIGI - RINCON MINING PTY LIMIT,202507,202607
2026,7,Proyecto Rincón,3989.79,7320.20.10,Minería,Salta,RIGI - RINCON MINING PTY LIMIT,202507,202607
2026,7,Proyecto Rincón,34088.36,8501.52.10,Minería,Salta,RIGI - RINCON MINING PTY LIMIT,202507,202607
2026,7,Proyecto Rincón,382.76,4016.99.90,Minería,Salta,RIGI - RINCON MINING PTY LIMIT,202507,202607
2026,7,Proyecto Rincón,1038,8481.80.92,Minería,Salta,RIGI - RINCON MINING PTY LIMIT,202507,202607
2026,7,Proyecto Rincón,86.5,7326.90.90,Minería,Salta,RIGI - RINCON MINING PTY LIMIT,202507,202607
2026,7,Proyecto Rincón,56.22,8536.10.00,Minería,Salta,RIGI - RINCON MINING PTY LIMIT,202507,202607
2026,7,Proyecto Rincón,168.67,8536.10.00,Minería,Salta,RIGI - RINCON MINING PTY LIMIT,202507,202607
2026,7,Proyecto Rincón,175.16,8536.10.00,Minería,Salta,RIGI - RINCON MINING PTY LIMIT,202507,202607
2026,7,Proyecto Rincón,46384.61,8483.20.00,Minería,Salta,RIGI - RINCON MINING PTY LIMIT,202507,202607
2026,7,Proyecto Rincón,103002.28,8413.91.90,Minería,Salta,RIGI - RINCON MINING PTY LIMIT,202507,202607
2026,7,Proyecto Rincón,41049.68,8483.20.00,Minería,Salta,RIGI - RINCON MINING PTY LIMIT,202507,202607
2026,7,Proyecto Rincón,92547.2,8413.91.90,Minería,Salta,RIGI - RINCON MINING PTY LIMIT,202507,202607
2026,7,Vaca Muerta Oleoducto Sur (VMOS),958.99,3822.90.00,Petróleo y Gas,Río Negro,RIGI - VMOS S. A.             ,202505,202607
2026,7,Vaca Muerta Oleoducto Sur (VMOS),27.7,3917.32.90,Petróleo y Gas,Río Negro,RIGI - VMOS S. A.             ,202505,202607
2026,7,Vaca Muerta Oleoducto Sur (VMOS),46015.33,7326.90.90,Petróleo y Gas,Río Negro,RIGI - VMOS S. A.             ,202505,202607
2026,7,Vaca Muerta Oleoducto Sur (VMOS),437.22,3917.40.90,Petróleo y Gas,Río Negro,RIGI - VMOS S. A.             ,202505,202607
2026,7,Vaca Muerta Oleoducto Sur (VMOS),4987.14,9025.90.10,Petróleo y Gas,Río Negro,RIGI - VMOS S. A.             ,202505,202607
2026,7,Vaca Muerta Oleoducto Sur (VMOS),1998,8609.00.00,Petróleo y Gas,Río Negro,RIGI - VMOS S. A.             ,202505,202607
2026,7,Vaca Muerta Oleoducto Sur (VMOS),21307.1,8481.80.95,Petróleo y Gas,Río Negro,RIGI - VMOS S. A.             ,202505,202607
2026,7,Vaca Muerta Oleoducto Sur (VMOS),24826.15,8104.90.00,Petróleo y Gas,Río Negro,RIGI - VMOS S. A.             ,202505,202607
2026,7,Vaca Muerta Oleoducto Sur (VMOS),18.39,9613.80.00,Petróleo y Gas,Río Negro,RIGI - VMOS S. A.             ,202505,202607
2026,7,Vaca Muerta Oleoducto Sur (VMOS),73.56,7318.16.00,Petróleo y Gas,Río Negro,RIGI - VMOS S. A.             ,202505,202607
2026,7,Vaca Muerta Oleoducto Sur (VMOS),220.68,7307.99.00,Petróleo y Gas,Río Negro,RIGI - VMOS S. A.             ,202505,202607
2026,7,Vaca Muerta Oleoducto Sur (VMOS),1103.38,5607.49.00,Petróleo y Gas,Río Negro,RIGI - VMOS S. A.             ,202505,202607
2026,7,Vaca Muerta Oleoducto Sur (VMOS),588.47,7312.90.00,Petróleo y Gas,Río Negro,RIGI - VMOS S. A.             ,202505,202607
2026,7,Vaca Muerta Oleoducto Sur (VMOS),371.47,7318.16.00,Petróleo y Gas,Río Negro,RIGI - VMOS S. A.             ,202505,202607
2026,7,Vaca Muerta Oleoducto Sur (VMOS),4867.44,9026.20.90,Petróleo y Gas,Río Negro,RIGI - VMOS S. A.             ,202505,202607
2026,7,Vaca Muerta Oleoducto Sur (VMOS),2214.53,3810.10.20,Petróleo y Gas,Río Negro,RIGI - VMOS S. A.             ,202505,202607
2026,7,Vaca Muerta Oleoducto Sur (VMOS),1026.92,3917.32.90,Petróleo y Gas,Río Negro,RIGI - VMOS S. A.             ,202505,202607
2026,7,Vaca Muerta Oleoducto Sur (VMOS),2038.24,3209.90.19,Petróleo y Gas,Río Negro,RIGI - VMOS S. A.             ,202505,202607
2026,7,Vaca Muerta Oleoducto Sur (VMOS),11998,8609.00.00,Petróleo y Gas,Río Negro,RIGI - VMOS S. A.             ,202505,202607
2026,7,Vaca Muerta Oleoducto Sur (VMOS),78785.21,7326.90.90,Petróleo y Gas,Río Negro,RIGI - VMOS S. A.             ,202505,202607
2026,7,Vaca Muerta Oleoducto Sur (VMOS),102146.42,7304.39.10,Petróleo y Gas,Río Negro,RIGI - VMOS S. A.             ,202505,202607
2026,7,Vaca Muerta Oleoducto Sur (VMOS),53048.78,7318.15.00,Petróleo y Gas,Río Negro,RIGI - VMOS S. A.             ,202505,202607
2026,7,Vaca Muerta Oleoducto Sur (VMOS),12495.02,7307.99.00,Petróleo y Gas,Río Negro,RIGI - VMOS S. A.             ,202505,202607
2026,7,Vaca Muerta Oleoducto Sur (VMOS),97714.77,8481.80.95,Petróleo y Gas,Río Negro,RIGI - VMOS S. A.             ,202505,202607
2026,7,Vaca Muerta Oleoducto Sur (VMOS),68794.98,9406.90.20,Petróleo y Gas,Río Negro,RIGI - VMOS S. A.             ,202505,202607
2026,7,Vaca Muerta Oleoducto Sur (VMOS),209462.66,8421.29.90,Petróleo y Gas,Río Negro,RIGI - VMOS S. A.             ,202505,202607
2026,7,Vaca Muerta Oleoducto Sur (VMOS),3044.02,8484.10.00,Petróleo y Gas,Río Negro,RIGI - VMOS S. A.             ,202505,202607
2026,7,Vaca Muerta Oleoducto Sur (VMOS),305862.42,9031.80.99,Petróleo y Gas,Río Negro,RIGI - VMOS S. A.             ,202505,202607
2026,7,Vaca Muerta Oleoducto Sur (VMOS),9032.54,9025.19.90,Petróleo y Gas,Río Negro,RIGI - VMOS S. A.             ,202505,202607
2026,7,Vaca Muerta Oleoducto Sur (VMOS),58140.39,7326.90.90,Petróleo y Gas,Río Negro,RIGI - VMOS S. A.             ,202505,202607
2026,7,Vaca Muerta Oleoducto Sur (VMOS),178853.21,8413.70.90,Petróleo y Gas,Río Negro,RIGI - VMOS S. A.             ,202505,202607
2026,7,Vaca Muerta Oleoducto Sur (VMOS),108372.67,8481.80.93,Petróleo y Gas,Río Negro,RIGI - VMOS S. A.             ,202505,202607
2026,7,Vaca Muerta Oleoducto Sur (VMOS),8789.19,7307.91.00,Petróleo y Gas,Río Negro,RIGI - VMOS S. A.             ,202505,202607
2026,7,Vaca Muerta Oleoducto Sur (VMOS),221.58,9027.90.99,Petróleo y Gas,Río Negro,RIGI - VMOS S. A.             ,202505,202607
2026,7,Vaca Muerta Oleoducto Sur (VMOS),1648.5,7307.93.00,Petróleo y Gas,Río Negro,RIGI - VMOS S. A.             ,202505,202607
2026,7,Vaca Muerta Oleoducto Sur (VMOS),133205.82,7307.93.00,Petróleo y Gas,Río Negro,RIGI - VMOS S. A.             ,202505,202607
2026,7,Vaca Muerta Oleoducto Sur (VMOS),29644.8,7307.19.90,Petróleo y Gas,Río Negro,RIGI - VMOS S. A.             ,202505,202607
2026,7,Vaca Muerta Oleoducto Sur (VMOS),142917.5,7305.11.00,Petróleo y Gas,Río Negro,RIGI - VMOS S. A.             ,202505,202607
2026,7,Vaca Muerta Oleoducto Sur (VMOS),28541.69,3917.40.90,Petróleo y Gas,Río Negro,RIGI - VMOS S. A.             ,202505,202607
2026,7,Vaca Muerta Oleoducto Sur (VMOS),1920.38,9026.90.10,Petróleo y Gas,Río Negro,RIGI - VMOS S. A.             ,202505,202607
2026,7,Vaca Muerta Oleoducto Sur (VMOS),91164,7318.15.00,Petróleo y Gas,Río Negro,RIGI - VMOS S. A.             ,202505,202607
2026,7,Vaca Muerta Oleoducto Sur (VMOS),3609.74,8536.90.90,Petróleo y Gas,Río Negro,RIGI - VMOS S. A.             ,202505,202607
2026,7,Vaca Muerta Oleoducto Sur (VMOS),754.96,7318.15.00,Petróleo y Gas,Río Negro,RIGI - VMOS S. A.             ,202505,202607
2026,7,Vaca Muerta Oleoducto Sur (VMOS),10000.91,7326.90.90,Petróleo y Gas,Río Negro,RIGI - VMOS S. A.             ,202505,202607
2026,7,Vaca Muerta Oleoducto Sur (VMOS),1790.14,8544.49.00,Petróleo y Gas,Río Negro,RIGI - VMOS S. A.             ,202505,202607
2026,7,Vaca Muerta Oleoducto Sur (VMOS),737.34,3919.10.90,Petróleo y Gas,Río Negro,RIGI - VMOS S. A.             ,202505,202607
2026,7,Vaca Muerta Oleoducto Sur (VMOS),3998,8609.00.00,Petróleo y Gas,Río Negro,RIGI - VMOS S. A.             ,202505,202607
2026,7,Vaca Muerta Oleoducto Sur (VMOS),391605.82,8479.82.90,Petróleo y Gas,Río Negro,RIGI - VMOS S. A.             ,202505,202607
2026,7,Vaca Muerta Oleoducto Sur (VMOS),1588.37,7307.93.00,Petróleo y Gas,Río Negro,RIGI - VMOS S. A.             ,202505,202607
2026,7,Vaca Muerta Oleoducto Sur (VMOS),6.27,3926.90.90,Petróleo y Gas,Río Negro,RIGI - VMOS S. A.             ,202505,202607
2026,7,Vaca Muerta Oleoducto Sur (VMOS),5.02,7219.22.00,Petróleo y Gas,Río Negro,RIGI - VMOS S. A.             ,202505,202607
2026,7,Vaca Muerta Oleoducto Sur (VMOS),64.81,8544.49.00,Petróleo y Gas,Río Negro,RIGI - VMOS S. A.             ,202505,202607
2026,7,Vaca Muerta Oleoducto Sur (VMOS),111.39,8481.90.90,Petróleo y Gas,Río Negro,RIGI - VMOS S. A.             ,202505,202607
2026,7,Vaca Muerta Oleoducto Sur (VMOS),16.81,4016.93.00,Petróleo y Gas,Río Negro,RIGI - VMOS S. A.             ,202505,202607
2026,7,Vaca Muerta Oleoducto Sur (VMOS),8.53,7320.20.10,Petróleo y Gas,Río Negro,RIGI - VMOS S. A.             ,202505,202607
2026,7,Vaca Muerta Oleoducto Sur (VMOS),2.45,6506.10.00,Petróleo y Gas,Río Negro,RIGI - VMOS S. A.             ,202505,202607
2026,7,Vaca Muerta Oleoducto Sur (VMOS),865246.55,8413.70.90,Petróleo y Gas,Río Negro,RIGI - VMOS S. A.             ,202505,202607
2026,7,Vaca Muerta Oleoducto Sur (VMOS),51816.51,7326.90.90,Petróleo y Gas,Río Negro,RIGI - VMOS S. A.             ,202505,202607
2026,7,Vaca Muerta Oleoducto Sur (VMOS),47767.49,8538.10.00,Petróleo y Gas,Río Negro,RIGI - VMOS S. A.             ,202505,202607
2026,7,Vaca Muerta Oleoducto Sur (VMOS),284074.93,7315.82.00,Petróleo y Gas,Río Negro,RIGI - VMOS S. A.             ,202505,202607
2026,7,Hombre Muerto Oeste (HMW),1542.23,8504.40.50,Minería,Catamarca,RIGI - GALAN LITIO SDE        ,202511,202607
2026,7,Hombre Muerto Oeste (HMW),2038.84,9027.90.99,Minería,Catamarca,RIGI - GALAN LITIO SDE        ,202511,202607
2026,7,Hombre Muerto Oeste (HMW),672.55,8544.42.00,Minería,Catamarca,RIGI - GALAN LITIO SDE        ,202511,202607
2026,7,Proyecto Rincón,169364.13,8421.29.90,Minería,Salta,RIGI - RINCON MINING PTY LIMIT,202507,202607
2026,7,Expansión Fase 1B,414.86,7320.20.10,Minería,Catamarca,RIGI - MINERA DEL ALTIPLANO SA,202605,202607
2026,7,Expansión Fase 1B,439.27,3926.90.90,Minería,Catamarca,RIGI - MINERA DEL ALTIPLANO SA,202605,202607
2026,7,Expansión Fase 1B,357.92,4016.99.90,Minería,Catamarca,RIGI - MINERA DEL ALTIPLANO SA,202605,202607
2026,7,Expansión Fase 1B,8499.62,8543.70.99,Minería,Catamarca,RIGI - MINERA DEL ALTIPLANO SA,202605,202607
2026,7,Proyecto Rincón,5502.24,8421.29.90,Minería,Salta,RIGI - RINCON MINING PTY LIMIT,202507,202607
2026,7,Vaca Muerta Oleoducto Sur (VMOS),51116.34,7326.90.90,Petróleo y Gas,Río Negro,RIGI - VMOS S. A.             ,202505,202607
2026,7,Vaca Muerta Oleoducto Sur (VMOS),958.99,8544.49.00,Petróleo y Gas,Río Negro,RIGI - VMOS S. A.             ,202505,202607
2026,7,Vaca Muerta Oleoducto Sur (VMOS),252436.29,7305.11.00,Petróleo y Gas,Río Negro,RIGI - VMOS S. A.             ,202505,202607
2026,7,Vaca Muerta Oleoducto Sur (VMOS),54372.24,7309.00.90,Petróleo y Gas,Río Negro,RIGI - VMOS S. A.             ,202505,202607
2026,7,Vaca Muerta Oleoducto Sur (VMOS),286.02,3917.21.00,Petróleo y Gas,Río Negro,RIGI - VMOS S. A.             ,202505,202607
2026,7,Vaca Muerta Oleoducto Sur (VMOS),408596,7309.00.90,Petróleo y Gas,Río Negro,RIGI - VMOS S. A.             ,202505,202607
2026,7,Vaca Muerta Oleoducto Sur (VMOS),4158.05,9025.19.90,Petróleo y Gas,Río Negro,RIGI - VMOS S. A.             ,202505,202607
2026,7,Vaca Muerta Oleoducto Sur (VMOS),162660.4,8484.10.00,Petróleo y Gas,Río Negro,RIGI - VMOS S. A.             ,202505,202607
2026,7,Vaca Muerta Oleoducto Sur (VMOS),13330.1,9031.80.99,Petróleo y Gas,Río Negro,RIGI - VMOS S. A.             ,202505,202607
2026,7,Vaca Muerta Oleoducto Sur (VMOS),18.55,3926.90.90,Petróleo y Gas,Río Negro,RIGI - VMOS S. A.             ,202505,202607
2026,7,Vaca Muerta Oleoducto Sur (VMOS),173.9,4016.93.00,Petróleo y Gas,Río Negro,RIGI - VMOS S. A.             ,202505,202607
2026,7,Vaca Muerta Oleoducto Sur (VMOS),19133.7,8484.10.00,Petróleo y Gas,Río Negro,RIGI - VMOS S. A.             ,202505,202607
2026,7,Vaca Muerta Oleoducto Sur (VMOS),1100.6,9026.20.10,Petróleo y Gas,Río Negro,RIGI - VMOS S. A.             ,202505,202607
2026,7,Vaca Muerta Oleoducto Sur (VMOS),441.36,3917.32.90,Petróleo y Gas,Río Negro,RIGI - VMOS S. A.             ,202505,202607
2026,7,Vaca Muerta Oleoducto Sur (VMOS),882.71,8536.49.00,Petróleo y Gas,Río Negro,RIGI - VMOS S. A.             ,202505,202607
2026,7,Vaca Muerta Oleoducto Sur (VMOS),18338.26,7326.90.90,Petróleo y Gas,Río Negro,RIGI - VMOS S. A.             ,202505,202607
2026,7,Vaca Muerta Oleoducto Sur (VMOS),371.47,7318.15.00,Petróleo y Gas,Río Negro,RIGI - VMOS S. A.             ,202505,202607
2026,7,Vaca Muerta Oleoducto Sur (VMOS),5406.58,3907.30.22,Petróleo y Gas,Río Negro,RIGI - VMOS S. A.             ,202505,202607
2026,7,Vaca Muerta Oleoducto Sur (VMOS),18683.97,8544.49.00,Petróleo y Gas,Río Negro,RIGI - VMOS S. A.             ,202505,202607
2026,7,Vaca Muerta Oleoducto Sur (VMOS),15949.47,4016.93.00,Petróleo y Gas,Río Negro,RIGI - VMOS S. A.             ,202505,202607
2026,7,Vaca Muerta Oleoducto Sur (VMOS),354.69,7306.30.00,Petróleo y Gas,Río Negro,RIGI - VMOS S. A.             ,202505,202607
2026,7,Vaca Muerta Oleoducto Sur (VMOS),587006.27,7309.00.90,Petróleo y Gas,Río Negro,RIGI - VMOS S. A.             ,202505,202607
2026,7,Vaca Muerta Oleoducto Sur (VMOS),357492.79,9027.10.00,Petróleo y Gas,Río Negro,RIGI - VMOS S. A.             ,202505,202607
2026,7,Vaca Muerta Oleoducto Sur (VMOS),8307.75,9027.90.99,Petróleo y Gas,Río Negro,RIGI - VMOS S. A.             ,202505,202607
2026,7,Vaca Muerta Oleoducto Sur (VMOS),148606.38,7318.15.00,Petróleo y Gas,Río Negro,RIGI - VMOS S. A.             ,202505,202607
2026,7,Vaca Muerta Oleoducto Sur (VMOS),7391.59,8205.59.00,Petróleo y Gas,Río Negro,RIGI - VMOS S. A.             ,202505,202607
2026,7,Vaca Muerta Oleoducto Sur (VMOS),30080.67,8421.99.99,Petróleo y Gas,Río Negro,RIGI - VMOS S. A.             ,202505,202607
2026,7,Vaca Muerta Oleoducto Sur (VMOS),1871.82,7307.21.00,Petróleo y Gas,Río Negro,RIGI - VMOS S. A.             ,202505,202607
2026,7,Vaca Muerta Oleoducto Sur (VMOS),9788.72,7307.91.00,Petróleo y Gas,Río Negro,RIGI - VMOS S. A.             ,202505,202607
2026,7,Vaca Muerta Oleoducto Sur (VMOS),44809.87,8484.10.00,Petróleo y Gas,Río Negro,RIGI - VMOS S. A.             ,202505,202607
2026,7,Vaca Muerta Oleoducto Sur (VMOS),12369.38,7326.90.90,Petróleo y Gas,Río Negro,RIGI - VMOS S. A.             ,202505,202607
2026,7,Vaca Muerta Oleoducto Sur (VMOS),1373.75,7307.93.00,Petróleo y Gas,Río Negro,RIGI - VMOS S. A.             ,202505,202607
2026,7,Vaca Muerta Oleoducto Sur (VMOS),5130.43,7307.93.00,Petróleo y Gas,Río Negro,RIGI - VMOS S. A.             ,202505,202607
2026,7,Vaca Muerta Oleoducto Sur (VMOS),99904.31,7307.93.00,Petróleo y Gas,Río Negro,RIGI - VMOS S. A.             ,202505,202607
2026,7,Vaca Muerta Oleoducto Sur (VMOS),106197.04,7307.91.00,Petróleo y Gas,Río Negro,RIGI - VMOS S. A.             ,202505,202607
2026,7,Vaca Muerta Oleoducto Sur (VMOS),72348.79,8426.91.00,Petróleo y Gas,Río Negro,RIGI - VMOS S. A.             ,202505,202607
2026,7,Vaca Muerta Oleoducto Sur (VMOS),50561.34,8481.80.93,Petróleo y Gas,Río Negro,RIGI - VMOS S. A.             ,202505,202607
2026,7,Vaca Muerta Oleoducto Sur (VMOS),16869.16,9026.10.29,Petróleo y Gas,Río Negro,RIGI - VMOS S. A.             ,202505,202607
2026,7,Vaca Muerta Oleoducto Sur (VMOS),290466.18,8481.80.93,Petróleo y Gas,Río Negro,RIGI - VMOS S. A.             ,202505,202607
2026,7,Vaca Muerta Oleoducto Sur (VMOS),5515.38,7307.93.00,Petróleo y Gas,Río Negro,RIGI - VMOS S. A.             ,202505,202607
2026,7,Vaca Muerta Oleoducto Sur (VMOS),704.88,7307.93.00,Petróleo y Gas,Río Negro,RIGI - VMOS S. A.             ,202505,202607
2026,7,Vaca Muerta Oleoducto Sur (VMOS),210.16,9025.19.90,Petróleo y Gas,Río Negro,RIGI - VMOS S. A.             ,202505,202607
2026,7,Vaca Muerta Oleoducto Sur (VMOS),146.86,8481.80.94,Petróleo y Gas,Río Negro,RIGI - VMOS S. A.             ,202505,202607
2026,7,Vaca Muerta Oleoducto Sur (VMOS),4.24,7318.15.00,Petróleo y Gas,Río Negro,RIGI - VMOS S. A.             ,202505,202607
2026,7,Vaca Muerta Oleoducto Sur (VMOS),5.75,6307.10.00,Petróleo y Gas,Río Negro,RIGI - VMOS S. A.             ,202505,202607
2026,7,Vaca Muerta Oleoducto Sur (VMOS),1.63,8203.20.10,Petróleo y Gas,Río Negro,RIGI - VMOS S. A.             ,202505,202607
2026,7,Vaca Muerta Oleoducto Sur (VMOS),322.37,8456.90.00,Petróleo y Gas,Río Negro,RIGI - VMOS S. A.             ,202505,202607
2026,7,Vaca Muerta Oleoducto Sur (VMOS),2323.82,8421.99.99,Petróleo y Gas,Río Negro,RIGI - VMOS S. A.             ,202505,202607
2026,7,Hombre Muerto Oeste (HMW),156.78,9025.19.90,Minería,Catamarca,RIGI - GALAN LITIO SDE        ,202511,202607
2026,7,Hombre Muerto Oeste (HMW),783.34,9025.90.10,Minería,Catamarca,RIGI - GALAN LITIO SDE        ,202511,202607
2026,7,Hombre Muerto Oeste (HMW),1430.88,8484.90.00,Minería,Catamarca,RIGI - GALAN LITIO SDE        ,202511,202607
2026,7,Proyecto Rincón,178341.9,7307.91.00,Minería,Salta,RIGI - RINCON MINING PTY LIMIT,202507,202607
2026,7,Expansión Fase 1B,28,7326.90.90,Minería,Catamarca,RIGI - MINERA DEL ALTIPLANO SA,202605,202607
2026,7,Ampliación del Tramo I del Gasoducto Perito Francisco Pascasio Moreno (GPM),27184.29,8517.62.52,Petróleo y Gas,Neuquén; Buenos Aires,RIGI - TRANSPORTADORA DE GAS D,202607,202607
2026,7,Ampliación del Tramo I del Gasoducto Perito Francisco Pascasio Moreno (GPM),64647,8517.62.34,Petróleo y Gas,Neuquén; Buenos Aires,RIGI - TRANSPORTADORA DE GAS D,202607,202607
2026,7,Ampliación del Tramo I del Gasoducto Perito Francisco Pascasio Moreno (GPM),1830.36,8517.62.99,Petróleo y Gas,Neuquén; Buenos Aires,RIGI - TRANSPORTADORA DE GAS D,202607,202607
2026,7,Ampliación del Tramo I del Gasoducto Perito Francisco Pascasio Moreno (GPM),28.44,8544.70.10,Petróleo y Gas,Neuquén; Buenos Aires,RIGI - TRANSPORTADORA DE GAS D,202607,202607
2026,7,Ampliación del Tramo I del Gasoducto Perito Francisco Pascasio Moreno (GPM),1238.4,8517.62.99,Petróleo y Gas,Neuquén; Buenos Aires,RIGI - TRANSPORTADORA DE GAS D,202607,202607
2026,7,Ampliación del Tramo I del Gasoducto Perito Francisco Pascasio Moreno (GPM),41.68,8544.70.10,Petróleo y Gas,Neuquén; Buenos Aires,RIGI - TRANSPORTADORA DE GAS D,202607,202607
2026,7,Proyecto Terminal Multipropósito Timbúes,381500,8429.51.99,Infraestructura,Santa Fe,RIGI - TERMINAL TIMBUES S. A. ,202607,202607
2026,7,Proyecto Rincón,2225.2,8483.30.29,Minería,Salta,RIGI - RINCON MINING PTY LIMIT,202507,202607
2026,7,Proyecto Rincón,6689.65,8505.90.90,Minería,Salta,RIGI - RINCON MINING PTY LIMIT,202507,202607
2026,7,Proyecto Rincón,2254.39,8483.30.29,Minería,Salta,RIGI - RINCON MINING PTY LIMIT,202507,202607
2026,7,Proyecto Rincón,145.96,7326.90.90,Minería,Salta,RIGI - RINCON MINING PTY LIMIT,202507,202607
2026,7,Proyecto Rincón,5547.07,8487.90.00,Minería,Salta,RIGI - RINCON MINING PTY LIMIT,202507,202607
2026,6,Proyecto Rincón,5412.75,8474.90.00,Minería,Salta,RIGI - RINCON MINING PTY LIMIT,202507,202607
2026,6,Proyecto Rincón,1471.43,8474.90.00,Minería,Salta,RIGI - RINCON MINING PTY LIMIT,202507,202607
2026,6,Proyecto Rincón,4719.07,8474.90.00,Minería,Salta,RIGI - RINCON MINING PTY LIMIT,202507,202607
2026,7,Proyecto Terminal Multipropósito Timbúes,113381.18,8431.41.00,Infraestructura,Santa Fe,RIGI - TERMINAL TIMBUES S. A. ,202607,202607
2026,6,Proyecto Rincón,24750,8421.29.90,Minería,Salta,RIGI - RINCON MINING PTY LIMIT,202507,202607
2026,6,Parque Eólico Olavarría,227.08,8536.70.00,Energía,Buenos Aires,RIGI - GENERACION ELECTRICA AR,202511,202607
2026,6,Parque Eólico Olavarría,240.56,3926.90.90,Energía,Buenos Aires,RIGI - GENERACION ELECTRICA AR,202511,202607
2026,6,Parque Eólico Olavarría,1011.73,7318.15.00,Energía,Buenos Aires,RIGI - GENERACION ELECTRICA AR,202511,202607
2026,6,Parque Eólico Olavarría,1259.03,7318.15.00,Energía,Buenos Aires,RIGI - GENERACION ELECTRICA AR,202511,202607
2026,6,Parque Eólico Olavarría,625.02,8302.50.00,Energía,Buenos Aires,RIGI - GENERACION ELECTRICA AR,202511,202607
2026,6,Parque Eólico Olavarría,676.73,4006.90.00,Energía,Buenos Aires,RIGI - GENERACION ELECTRICA AR,202511,202607
2026,6,Parque Eólico Olavarría,242.81,8505.11.00,Energía,Buenos Aires,RIGI - GENERACION ELECTRICA AR,202511,202607
2026,6,Parque Eólico Olavarría,95276.24,8535.90.90,Energía,Buenos Aires,RIGI - GENERACION ELECTRICA AR,202511,202607
2026,6,Parque Eólico Olavarría,7349.67,8504.40.40,Energía,Buenos Aires,RIGI - GENERACION ELECTRICA AR,202511,202607
2026,6,Parque Eólico Olavarría,25320.43,8507.20.10,Energía,Buenos Aires,RIGI - GENERACION ELECTRICA AR,202511,202607
2026,6,Hombre Muerto Oeste (HMW),198000,8502.13.90,Minería,Catamarca,RIGI - GALAN LITIO SDE        ,202511,202607
2026,6,Hombre Muerto Oeste (HMW),540,8504.40.90,Minería,Catamarca,RIGI - GALAN LITIO SDE        ,202511,202607
2026,6,Hombre Muerto Oeste (HMW),7956.77,8481.80.97,Minería,Catamarca,RIGI - GALAN LITIO SDE        ,202511,202607
2026,6,Hombre Muerto Oeste (HMW),18550,8423.89.00,Minería,Catamarca,RIGI - GALAN LITIO SDE        ,202511,202607
2026,6,Hombre Muerto Oeste (HMW),12600,8428.90.90,Minería,Catamarca,RIGI - GALAN LITIO SDE        ,202511,202607
2026,6,Hombre Muerto Oeste (HMW),2100,8609.00.00,Minería,Catamarca,RIGI - GALAN LITIO SDE        ,202511,202607
2026,6,Parque Eólico Olavarría,285872.04,8502.31.00,Energía,Buenos Aires,RIGI - GENERACION ELECTRICA AR,202511,202607
2026,6,Parque Eólico Olavarría,273521.79,8502.31.00,Energía,Buenos Aires,RIGI - GENERACION ELECTRICA AR,202511,202607
2026,6,Parque Eólico Olavarría,31933.91,7610.90.00,Energía,Buenos Aires,RIGI - GENERACION ELECTRICA AR,202511,202607
2026,6,Parque Eólico Olavarría,580.04,3926.90.90,Energía,Buenos Aires,RIGI - GENERACION ELECTRICA AR,202511,202607
2026,6,Parque Eólico Olavarría,2711.75,7318.15.00,Energía,Buenos Aires,RIGI - GENERACION ELECTRICA AR,202511,202607
2026,6,Parque Eólico Olavarría,3037.12,7318.15.00,Energía,Buenos Aires,RIGI - GENERACION ELECTRICA AR,202511,202607
2026,6,Parque Eólico Olavarría,3037.82,7318.15.00,Energía,Buenos Aires,RIGI - GENERACION ELECTRICA AR,202511,202607
2026,6,Parque Eólico Olavarría,1632.5,7610.90.00,Energía,Buenos Aires,RIGI - GENERACION ELECTRICA AR,202511,202607
2026,6,Parque Eólico Olavarría,1974.15,7308.90.90,Energía,Buenos Aires,RIGI - GENERACION ELECTRICA AR,202511,202607
2026,6,Parque Eólico Olavarría,2158.73,8302.50.00,Energía,Buenos Aires,RIGI - GENERACION ELECTRICA AR,202511,202607
2026,6,Parque Eólico Olavarría,229833.83,8535.90.90,Energía,Buenos Aires,RIGI - GENERACION ELECTRICA AR,202511,202607
2026,6,Vaca Muerta Oleoducto Sur (VMOS),589096.02,8413.70.90,Petróleo y Gas,Río Negro,RIGI - VMOS S. A.             ,202505,202607
2026,6,Vaca Muerta Oleoducto Sur (VMOS),1170.3,9026.90.10,Petróleo y Gas,Río Negro,RIGI - VMOS S. A.             ,202505,202607
2026,6,Vaca Muerta Oleoducto Sur (VMOS),176307.51,7305.11.00,Petróleo y Gas,Río Negro,RIGI - VMOS S. A.             ,202505,202607
2026,6,Vaca Muerta Oleoducto Sur (VMOS),62407.62,8544.70.10,Petróleo y Gas,Río Negro,RIGI - VMOS S. A.             ,202505,202607
2026,6,Vaca Muerta Oleoducto Sur (VMOS),1467.62,7307.93.00,Petróleo y Gas,Río Negro,RIGI - VMOS S. A.             ,202505,202607
2026,6,Vaca Muerta Oleoducto Sur (VMOS),8998.87,7307.93.00,Petróleo y Gas,Río Negro,RIGI - VMOS S. A.             ,202505,202607
2026,6,Vaca Muerta Oleoducto Sur (VMOS),1392.09,7307.93.00,Petróleo y Gas,Río Negro,RIGI - VMOS S. A.             ,202505,202607
2026,6,Vaca Muerta Oleoducto Sur (VMOS),578.74,7307.93.00,Petróleo y Gas,Río Negro,RIGI - VMOS S. A.             ,202505,202607
2026,6,Vaca Muerta Oleoducto Sur (VMOS),7698.76,7307.93.00,Petróleo y Gas,Río Negro,RIGI - VMOS S. A.             ,202505,202607
2026,6,Vaca Muerta Oleoducto Sur (VMOS),38.99,7307.93.00,Petróleo y Gas,Río Negro,RIGI - VMOS S. A.             ,202505,202607
2026,6,Vaca Muerta Oleoducto Sur (VMOS),729.3,7307.93.00,Petróleo y Gas,Río Negro,RIGI - VMOS S. A.             ,202505,202607
2026,6,Vaca Muerta Oleoducto Sur (VMOS),4000,8609.00.00,Petróleo y Gas,Río Negro,RIGI - VMOS S. A.             ,202505,202607
2026,6,Vaca Muerta Oleoducto Sur (VMOS),53507.97,8413.70.90,Petróleo y Gas,Río Negro,RIGI - VMOS S. A.             ,202505,202607
2026,6,Vaca Muerta Oleoducto Sur (VMOS),17.47,3917.40.90,Petróleo y Gas,Río Negro,RIGI - VMOS S. A.             ,202505,202607
2026,6,Vaca Muerta Oleoducto Sur (VMOS),3005.93,7307.93.00,Petróleo y Gas,Río Negro,RIGI - VMOS S. A.             ,202505,202607
2026,6,Vaca Muerta Oleoducto Sur (VMOS),183019.97,8907.90.00,Petróleo y Gas,Río Negro,RIGI - VMOS S. A.             ,202505,202607
2026,6,Vaca Muerta Oleoducto Sur (VMOS),13925.87,9026.10.19,Petróleo y Gas,Río Negro,RIGI - VMOS S. A.             ,202505,202607
2026,6,Vaca Muerta Oleoducto Sur (VMOS),85190.16,7309.00.90,Petróleo y Gas,Río Negro,RIGI - VMOS S. A.             ,202505,202607
2026,6,Vaca Muerta Oleoducto Sur (VMOS),290.06,7307.99.00,Petróleo y Gas,Río Negro,RIGI - VMOS S. A.             ,202505,202607
2026,6,Vaca Muerta Oleoducto Sur (VMOS),1300.54,7307.93.00,Petróleo y Gas,Río Negro,RIGI - VMOS S. A.             ,202505,202607
2026,6,Vaca Muerta Oleoducto Sur (VMOS),554.95,7326.90.90,Petróleo y Gas,Río Negro,RIGI - VMOS S. A.             ,202505,202607
2026,6,Vaca Muerta Oleoducto Sur (VMOS),2368.5,7306.19.00,Petróleo y Gas,Río Negro,RIGI - VMOS S. A.             ,202505,202607
2026,6,Vaca Muerta Oleoducto Sur (VMOS),557.3,7306.19.00,Petróleo y Gas,Río Negro,RIGI - VMOS S. A.             ,202505,202607
2026,6,Vaca Muerta Oleoducto Sur (VMOS),5020.88,3917.21.00,Petróleo y Gas,Río Negro,RIGI - VMOS S. A.             ,202505,202607
2026,6,Vaca Muerta Oleoducto Sur (VMOS),788.19,3917.40.90,Petróleo y Gas,Río Negro,RIGI - VMOS S. A.             ,202505,202607
2026,6,Vaca Muerta Oleoducto Sur (VMOS),29402.96,8547.20.90,Petróleo y Gas,Río Negro,RIGI - VMOS S. A.             ,202505,202607
2026,6,Parque Eólico Olavarría,1084.68,7318.16.00,Energía,Buenos Aires,RIGI - GENERACION ELECTRICA AR,202511,202607
2026,6,Parque Eólico Olavarría,816.07,7318.22.00,Energía,Buenos Aires,RIGI - GENERACION ELECTRICA AR,202511,202607
2026,6,Parque Eólico Olavarría,1073.82,8544.42.00,Energía,Buenos Aires,RIGI - GENERACION ELECTRICA AR,202511,202607
2026,6,Parque Eólico Olavarría,1507.76,8302.50.00,Energía,Buenos Aires,RIGI - GENERACION ELECTRICA AR,202511,202607
2026,6,Parque Eólico Olavarría,1098.13,8302.50.00,Energía,Buenos Aires,RIGI - GENERACION ELECTRICA AR,202511,202607
2026,6,Parque Eólico Olavarría,585.83,8505.11.00,Energía,Buenos Aires,RIGI - GENERACION ELECTRICA AR,202511,202607
2026,6,Parque Eólico Olavarría,23845.19,7318.15.00,Energía,Buenos Aires,RIGI - GENERACION ELECTRICA AR,202511,202607
2026,6,Parque Eólico Olavarría,451.91,3926.90.90,Energía,Buenos Aires,RIGI - GENERACION ELECTRICA AR,202511,202607
2026,6,Parque Eólico Olavarría,894.81,8302.50.00,Energía,Buenos Aires,RIGI - GENERACION ELECTRICA AR,202511,202607
2026,6,Parque Eólico Olavarría,1016.22,7318.15.00,Energía,Buenos Aires,RIGI - GENERACION ELECTRICA AR,202511,202607
2026,6,Parque Eólico Olavarría,40550.98,8504.40.40,Energía,Buenos Aires,RIGI - GENERACION ELECTRICA AR,202511,202607
2026,6,Parque Eólico Olavarría,135814.62,8537.10.90,Energía,Buenos Aires,RIGI - GENERACION ELECTRICA AR,202511,202607
2026,6,Parque Eólico Olavarría,308821.2,8537.20.90,Energía,Buenos Aires,RIGI - GENERACION ELECTRICA AR,202511,202607
2026,6,Proyecto Rincón,285868,3917.40.90,Minería,Salta,RIGI - RINCON MINING PTY LIMIT,202507,202607
2026,6,Proyecto Rincón,207363.07,8421.29.90,Minería,Salta,RIGI - RINCON MINING PTY LIMIT,202507,202607
2026,6,Vaca Muerta Oleoducto Sur (VMOS),587.24,7307.91.00,Petróleo y Gas,Río Negro,RIGI - VMOS S. A.             ,202505,202607
2026,6,Vaca Muerta Oleoducto Sur (VMOS),20180.27,7304.39.10,Petróleo y Gas,Río Negro,RIGI - VMOS S. A.             ,202505,202607
2026,6,Vaca Muerta Oleoducto Sur (VMOS),2650.95,7419.80.90,Petróleo y Gas,Río Negro,RIGI - VMOS S. A.             ,202505,202607
2026,6,Vaca Muerta Oleoducto Sur (VMOS),6304.89,8517.79.00,Petróleo y Gas,Río Negro,RIGI - VMOS S. A.             ,202505,202607
2026,6,Vaca Muerta Oleoducto Sur (VMOS),13553.5,7307.91.00,Petróleo y Gas,Río Negro,RIGI - VMOS S. A.             ,202505,202607
2026,6,Vaca Muerta Oleoducto Sur (VMOS),161244.98,7315.81.00,Petróleo y Gas,Río Negro,RIGI - VMOS S. A.             ,202505,202607
2026,6,Vaca Muerta Oleoducto Sur (VMOS),4512.71,7318.15.00,Petróleo y Gas,Río Negro,RIGI - VMOS S. A.             ,202505,202607
2026,6,Vaca Muerta Oleoducto Sur (VMOS),17396.63,7307.93.00,Petróleo y Gas,Río Negro,RIGI - VMOS S. A.             ,202505,202607
2026,6,Vaca Muerta Oleoducto Sur (VMOS),17827.19,7307.93.00,Petróleo y Gas,Río Negro,RIGI - VMOS S. A.             ,202505,202607
2026,6,Vaca Muerta Oleoducto Sur (VMOS),143071.8,7309.00.90,Petróleo y Gas,Río Negro,RIGI - VMOS S. A.             ,202505,202607
2026,6,Vaca Muerta Oleoducto Sur (VMOS),704.41,7307.93.00,Petróleo y Gas,Río Negro,RIGI - VMOS S. A.             ,202505,202607
2026,6,Proyecto Rincón,125250,8421.29.20,Minería,Salta,RIGI - RINCON MINING PTY LIMIT,202507,202607
2026,6,Proyecto Rincón,795092.47,8421.29.90,Minería,Salta,RIGI - RINCON MINING PTY LIMIT,202507,202607
2026,6,Parque Eólico Olavarría,47169.65,7312.10.90,Energía,Buenos Aires,RIGI - GENERACION ELECTRICA AR,202511,202607
2026,6,Parque Eólico Olavarría,597.16,8544.42.00,Energía,Buenos Aires,RIGI - GENERACION ELECTRICA AR,202511,202607
2026,6,Parque Eólico Olavarría,1648.67,7610.90.00,Energía,Buenos Aires,RIGI - GENERACION ELECTRICA AR,202511,202607
2026,6,Parque Eólico Olavarría,1952.44,8536.90.90,Energía,Buenos Aires,RIGI - GENERACION ELECTRICA AR,202511,202607
2026,6,Parque Eólico Olavarría,1259.32,7318.15.00,Energía,Buenos Aires,RIGI - GENERACION ELECTRICA AR,202511,202607
2026,6,Parque Eólico Olavarría,494.62,7318.22.00,Energía,Buenos Aires,RIGI - GENERACION ELECTRICA AR,202511,202607
2026,6,Parque Eólico Olavarría,47123.91,8544.70.10,Energía,Buenos Aires,RIGI - GENERACION ELECTRICA AR,202511,202607
2026,5,Proyecto Siderúrgico Argentino Sidersa,59046.5,8536.90.90,Siderurgia,Buenos Aires,RIGI - SIDERSA ACERIA SDE     ,202508,202607
2026,5,Vaca Muerta Oleoducto Sur (VMOS),14424.11,8536.90.90,Petróleo y Gas,Río Negro,RIGI - VMOS S. A.             ,202505,202607
2026,5,Hombre Muerto Oeste (HMW),77.31,8413.91.90,Minería,Catamarca,RIGI - GALAN LITIO SDE        ,202511,202607
2026,5,Expansión Fase 1B,930,7307.29.00,Minería,Catamarca,RIGI - MINERA DEL ALTIPLANO SA,202605,202607
2026,5,Vaca Muerta Oleoducto Sur (VMOS),13227.03,3917.40.90,Petróleo y Gas,Río Negro,RIGI - VMOS S. A.             ,202505,202607
2026,5,Parque Eólico Olavarría,247470.03,9032.89.90,Energía,Buenos Aires,RIGI - GENERACION ELECTRICA AR,202511,202607
2026,5,Proyecto Rincón,14870.7,8481.80.99,Minería,Salta,RIGI - RINCON MINING PTY LIMIT,202507,202607
2026,6,Proyecto Rincón,86816.16,8479.82.90,Minería,Salta,RIGI - RINCON MINING PTY LIMIT,202507,202607
2026,5,Expansión Fase 1B,62571.56,8419.90.90,Minería,Catamarca,RIGI - MINERA DEL ALTIPLANO SA,202605,202607
2026,5,Expansión Fase 1B,6075.95,8419.90.39,Minería,Catamarca,RIGI - MINERA DEL ALTIPLANO SA,202605,202607
2026,6,Parque Eólico Olavarría,467.64,3926.90.90,Energía,Buenos Aires,RIGI - GENERACION ELECTRICA AR,202511,202607
2026,6,Parque Eólico Olavarría,809.38,8536.90.90,Energía,Buenos Aires,RIGI - GENERACION ELECTRICA AR,202511,202607
2026,5,Proyecto Rincón,11088,8421.99.99,Minería,Salta,RIGI - RINCON MINING PTY LIMIT,202507,202607
2026,7,Proyecto Rincón,286.56,7307.91.00,Minería,Salta,RIGI - RINCON MINING PTY LIMIT,202507,202607
2026,7,Proyecto Rincón,26015,7307.91.00,Minería,Salta,RIGI - RINCON MINING PTY LIMIT,202507,202607
2026,7,Expansión Fase 1B,1174.6,8481.80.97,Minería,Catamarca,RIGI - MINERA DEL ALTIPLANO SA,202605,202607
2026,7,Vaca Muerta Oleoducto Sur (VMOS),3746.83,8481.80.93,Petróleo y Gas,Río Negro,RIGI - VMOS S. A.             ,202505,202607
2026,7,Vaca Muerta Oleoducto Sur (VMOS),5998,8609.00.00,Petróleo y Gas,Río Negro,RIGI - VMOS S. A.             ,202505,202607
2026,7,Vaca Muerta Oleoducto Sur (VMOS),1666.65,9025.19.90,Petróleo y Gas,Río Negro,RIGI - VMOS S. A.             ,202505,202607
2026,7,Vaca Muerta Oleoducto Sur (VMOS),170.58,9025.19.90,Petróleo y Gas,Río Negro,RIGI - VMOS S. A.             ,202505,202607
2026,7,Vaca Muerta Oleoducto Sur (VMOS),57008.19,7907.00.90,Petróleo y Gas,Río Negro,RIGI - VMOS S. A.             ,202505,202607
2026,7,Vaca Muerta Oleoducto Sur (VMOS),220.68,8536.49.00,Petróleo y Gas,Río Negro,RIGI - VMOS S. A.             ,202505,202607
2026,7,Vaca Muerta Oleoducto Sur (VMOS),1176.95,8536.20.00,Petróleo y Gas,Río Negro,RIGI - VMOS S. A.             ,202505,202607
2026,7,Vaca Muerta Oleoducto Sur (VMOS),3420.49,7318.15.00,Petróleo y Gas,Río Negro,RIGI - VMOS S. A.             ,202505,202607
2026,7,Vaca Muerta Oleoducto Sur (VMOS),368.82,7307.99.00,Petróleo y Gas,Río Negro,RIGI - VMOS S. A.             ,202505,202607
2026,7,Vaca Muerta Oleoducto Sur (VMOS),9345.86,7326.90.90,Petróleo y Gas,Río Negro,RIGI - VMOS S. A.             ,202505,202607
2026,7,Vaca Muerta Oleoducto Sur (VMOS),139299.72,3917.40.90,Petróleo y Gas,Río Negro,RIGI - VMOS S. A.             ,202505,202607
2026,7,Vaca Muerta Oleoducto Sur (VMOS),196125.2,7326.90.90,Petróleo y Gas,Río Negro,RIGI - VMOS S. A.             ,202505,202607
2026,7,Vaca Muerta Oleoducto Sur (VMOS),1424.84,4016.93.00,Petróleo y Gas,Río Negro,RIGI - VMOS S. A.             ,202505,202607
2026,7,Vaca Muerta Oleoducto Sur (VMOS),110.31,7308.90.90,Petróleo y Gas,Río Negro,RIGI - VMOS S. A.             ,202505,202607
2026,7,Vaca Muerta Oleoducto Sur (VMOS),66863.97,8481.40.00,Petróleo y Gas,Río Negro,RIGI - VMOS S. A.             ,202505,202607
2026,7,Vaca Muerta Oleoducto Sur (VMOS),1620.49,8487.90.00,Petróleo y Gas,Río Negro,RIGI - VMOS S. A.             ,202505,202607
2026,7,Vaca Muerta Oleoducto Sur (VMOS),49308.31,9026.20.10,Petróleo y Gas,Río Negro,RIGI - VMOS S. A.             ,202505,202607
2026,7,Vaca Muerta Oleoducto Sur (VMOS),1025.09,9025.19.90,Petróleo y Gas,Río Negro,RIGI - VMOS S. A.             ,202505,202607
2026,7,Vaca Muerta Oleoducto Sur (VMOS),33656.31,4016.93.00,Petróleo y Gas,Río Negro,RIGI - VMOS S. A.             ,202505,202607
2026,7,Vaca Muerta Oleoducto Sur (VMOS),147.72,3822.90.00,Petróleo y Gas,Río Negro,RIGI - VMOS S. A.             ,202505,202607
2026,7,Vaca Muerta Oleoducto Sur (VMOS),325.78,7307.93.00,Petróleo y Gas,Río Negro,RIGI - VMOS S. A.             ,202505,202607
2026,7,Vaca Muerta Oleoducto Sur (VMOS),1124.17,7307.93.00,Petróleo y Gas,Río Negro,RIGI - VMOS S. A.             ,202505,202607
2026,7,Vaca Muerta Oleoducto Sur (VMOS),11105.68,8538.10.00,Petróleo y Gas,Río Negro,RIGI - VMOS S. A.             ,202505,202607
2026,7,Vaca Muerta Oleoducto Sur (VMOS),144656.66,8481.30.00,Petróleo y Gas,Río Negro,RIGI - VMOS S. A.             ,202505,202607
2026,7,Vaca Muerta Oleoducto Sur (VMOS),7998,8609.00.00,Petróleo y Gas,Río Negro,RIGI - VMOS S. A.             ,202505,202607
2026,7,Vaca Muerta Oleoducto Sur (VMOS),50838.86,7307.93.00,Petróleo y Gas,Río Negro,RIGI - VMOS S. A.             ,202505,202607
2026,7,Vaca Muerta Oleoducto Sur (VMOS),1063.39,7307.93.00,Petróleo y Gas,Río Negro,RIGI - VMOS S. A.             ,202505,202607
2026,7,Vaca Muerta Oleoducto Sur (VMOS),79046.01,8481.40.00,Petróleo y Gas,Río Negro,RIGI - VMOS S. A.             ,202505,202607
2026,7,Vaca Muerta Oleoducto Sur (VMOS),3.7,4203.29.00,Petróleo y Gas,Río Negro,RIGI - VMOS S. A.             ,202505,202607
2026,7,Vaca Muerta Oleoducto Sur (VMOS),6013055.93,4009.42.90,Petróleo y Gas,Río Negro,RIGI - VMOS S. A.             ,202505,202607
2026,7,Vaca Muerta Oleoducto Sur (VMOS),32532.08,8484.10.00,Petróleo y Gas,Río Negro,RIGI - VMOS S. A.             ,202505,202607
2026,7,Ampliación del Tramo I del Gasoducto Perito Francisco Pascasio Moreno (GPM),44331.12,8481.80.95,Petróleo y Gas,Neuquén; Buenos Aires,RIGI - TRANSPORTADORA DE GAS D,202607,202607
2026,7,Vaca Muerta Oleoducto Sur (VMOS),6968.73,7309.00.90,Petróleo y Gas,Río Negro,RIGI - VMOS S. A.             ,202505,202607
2026,7,Vaca Muerta Oleoducto Sur (VMOS),759.48,3917.40.90,Petróleo y Gas,Río Negro,RIGI - VMOS S. A.             ,202505,202607
2026,7,Vaca Muerta Oleoducto Sur (VMOS),1951.19,3926.90.90,Petróleo y Gas,Río Negro,RIGI - VMOS S. A.             ,202505,202607
2026,7,Vaca Muerta Oleoducto Sur (VMOS),85.28,9025.90.10,Petróleo y Gas,Río Negro,RIGI - VMOS S. A.             ,202505,202607
2026,7,Vaca Muerta Oleoducto Sur (VMOS),1434.4,9030.90.90,Petróleo y Gas,Río Negro,RIGI - VMOS S. A.             ,202505,202607
2026,7,Vaca Muerta Oleoducto Sur (VMOS),18.39,3926.90.90,Petróleo y Gas,Río Negro,RIGI - VMOS S. A.             ,202505,202607
2026,7,Vaca Muerta Oleoducto Sur (VMOS),28037.56,3926.90.90,Petróleo y Gas,Río Negro,RIGI - VMOS S. A.             ,202505,202607
2026,7,Vaca Muerta Oleoducto Sur (VMOS),2593.75,3917.21.00,Petróleo y Gas,Río Negro,RIGI - VMOS S. A.             ,202505,202607
2026,7,Vaca Muerta Oleoducto Sur (VMOS),13654.58,3917.21.00,Petróleo y Gas,Río Negro,RIGI - VMOS S. A.             ,202505,202607
2026,7,Vaca Muerta Oleoducto Sur (VMOS),15875.81,9031.80.99,Petróleo y Gas,Río Negro,RIGI - VMOS S. A.             ,202505,202607
2026,7,Vaca Muerta Oleoducto Sur (VMOS),47481.21,9026.20.90,Petróleo y Gas,Río Negro,RIGI - VMOS S. A.             ,202505,202607
2026,7,Vaca Muerta Oleoducto Sur (VMOS),16678.42,3926.90.90,Petróleo y Gas,Río Negro,RIGI - VMOS S. A.             ,202505,202607
2026,7,Vaca Muerta Oleoducto Sur (VMOS),227076.08,7308.90.90,Petróleo y Gas,Río Negro,RIGI - VMOS S. A.             ,202505,202607
2026,7,Vaca Muerta Oleoducto Sur (VMOS),5600.85,7307.93.00,Petróleo y Gas,Río Negro,RIGI - VMOS S. A.             ,202505,202607
2026,7,Vaca Muerta Oleoducto Sur (VMOS),17131.82,7307.93.00,Petróleo y Gas,Río Negro,RIGI - VMOS S. A.             ,202505,202607
2026,7,Vaca Muerta Oleoducto Sur (VMOS),0.71,8484.20.00,Petróleo y Gas,Río Negro,RIGI - VMOS S. A.             ,202505,202607
2026,7,Vaca Muerta Oleoducto Sur (VMOS),2.29,7307.99.00,Petróleo y Gas,Río Negro,RIGI - VMOS S. A.             ,202505,202607
2026,7,Vaca Muerta Oleoducto Sur (VMOS),5.93,3810.10.10,Petróleo y Gas,Río Negro,RIGI - VMOS S. A.             ,202505,202607
2026,7,Vaca Muerta Oleoducto Sur (VMOS),61441.86,3917.21.00,Petróleo y Gas,Río Negro,RIGI - VMOS S. A.             ,202505,202607
2026,7,Vaca Muerta Oleoducto Sur (VMOS),230491.44,8421.29.90,Petróleo y Gas,Río Negro,RIGI - VMOS S. A.             ,202505,202607
2026,7,Proyecto Rincón,209483.72,3920.10.99,Minería,Salta,RIGI - RINCON MINING PTY LIMIT,202507,202607
2026,7,Proyecto Rincón,192.14,3917.40.90,Minería,Salta,RIGI - RINCON MINING PTY LIMIT,202507,202607
2026,7,Expansión Fase 1B,2392,8431.39.00,Minería,Catamarca,RIGI - MINERA DEL ALTIPLANO SA,202605,202607
2026,7,Expansión Fase 1B,368,7326.90.90,Minería,Catamarca,RIGI - MINERA DEL ALTIPLANO SA,202605,202607
2026,7,Proyecto Rincón,200.32,3917.40.90,Minería,Salta,RIGI - RINCON MINING PTY LIMIT,202507,202607
2026,7,Proyecto Rincón,310.31,8481.80.99,Minería,Salta,RIGI - RINCON MINING PTY LIMIT,202507,202607
2026,7,Proyecto Rincón,1453.19,8481.80.99,Minería,Salta,RIGI - RINCON MINING PTY LIMIT,202507,202607
2026,7,Proyecto Rincón,90.82,7318.16.00,Minería,Salta,RIGI - RINCON MINING PTY LIMIT,202507,202607
2026,7,Proyecto Rincón,629.28,9026.90.20,Minería,Salta,RIGI - RINCON MINING PTY LIMIT,202507,202607
2026,7,Proyecto Rincón,4789.91,8501.52.10,Minería,Salta,RIGI - RINCON MINING PTY LIMIT,202507,202607
2026,7,Proyecto Rincón,91420.25,8413.91.90,Minería,Salta,RIGI - RINCON MINING PTY LIMIT,202507,202607
2026,7,Proyecto Rincón,654.28,8483.60.90,Minería,Salta,RIGI - RINCON MINING PTY LIMIT,202507,202607
2026,7,Ampliación del Tramo I del Gasoducto Perito Francisco Pascasio Moreno (GPM),27373.06,8517.62.52,Petróleo y Gas,Neuquén; Buenos Aires,RIGI - TRANSPORTADORA DE GAS D,202607,202607
2026,7,Proyecto Rincón,202947.6,3920.10.99,Minería,Salta,RIGI - RINCON MINING PTY LIMIT,202507,202607
2026,7,Proyecto Siderúrgico Argentino Sidersa,466.19,8455.90.00,Siderurgia,Buenos Aires,RIGI - SIDERSA ACERIA SDE     ,202508,202607
2026,7,Proyecto Siderúrgico Argentino Sidersa,69780,8514.90.00,Siderurgia,Buenos Aires,RIGI - SIDERSA ACERIA SDE     ,202508,202607
2026,7,Proyecto Siderúrgico Argentino Sidersa,1849,8479.90.90,Siderurgia,Buenos Aires,RIGI - SIDERSA ACERIA SDE     ,202508,202607
2026,7,Expansión Fase 1B,185201.82,8414.10.00,Minería,Catamarca,RIGI - MINERA DEL ALTIPLANO SA,202605,202607
2026,7,Expansión Fase 1B,57708,8483.50.10,Minería,Catamarca,RIGI - MINERA DEL ALTIPLANO SA,202605,202607
2026,7,Expansión Fase 1B,4084,8482.20.90,Minería,Catamarca,RIGI - MINERA DEL ALTIPLANO SA,202605,202607
2026,7,Proyecto Rincón,1410062.16,8421.29.90,Minería,Salta,RIGI - RINCON MINING PTY LIMIT,202507,202607
2026,7,Proyecto Rincón,93453.86,8421.29.90,Minería,Salta,RIGI - RINCON MINING PTY LIMIT,202507,202607
2026,7,Ampliación del Tramo I del Gasoducto Perito Francisco Pascasio Moreno (GPM),43826.91,8481.30.00,Petróleo y Gas,Neuquén; Buenos Aires,RIGI - TRANSPORTADORA DE GAS D,202607,202607
2026,7,Ampliación del Tramo I del Gasoducto Perito Francisco Pascasio Moreno (GPM),49253.09,8481.30.00,Petróleo y Gas,Neuquén; Buenos Aires,RIGI - TRANSPORTADORA DE GAS D,202607,202607
2026,7,Expansión Fase 1B,3644.3,7326.90.90,Minería,Catamarca,RIGI - MINERA DEL ALTIPLANO SA,202605,202607
2026,7,Expansión Fase 1B,469.77,8479.89.12,Minería,Catamarca,RIGI - MINERA DEL ALTIPLANO SA,202605,202607
2026,7,Expansión Fase 1B,1606,8504.31.11,Minería,Catamarca,RIGI - MINERA DEL ALTIPLANO SA,202605,202607
2026,7,Proyecto Rincón,2025.17,8504.40.50,Minería,Salta,RIGI - RINCON MINING PTY LIMIT,202507,202607
2026,7,Proyecto Rincón,3208.05,8505.90.90,Minería,Salta,RIGI - RINCON MINING PTY LIMIT,202507,202607
2026,7,Proyecto Rincón,10068.54,8421.99.99,Minería,Salta,RIGI - RINCON MINING PTY LIMIT,202507,202607
2026,7,Proyecto Rincón,882.29,8484.90.00,Minería,Salta,RIGI - RINCON MINING PTY LIMIT,202507,202607
2026,7,Proyecto Rincón,62.71,7318.15.00,Minería,Salta,RIGI - RINCON MINING PTY LIMIT,202507,202607
2026,7,Proyecto Rincón,672.53,8505.90.90,Minería,Salta,RIGI - RINCON MINING PTY LIMIT,202507,202607
2026,7,Proyecto Rincón,691.99,8505.90.90,Minería,Salta,RIGI - RINCON MINING PTY LIMIT,202507,202607
2026,7,Proyecto Rincón,2913.95,4010.39.00,Minería,Salta,RIGI - RINCON MINING PTY LIMIT,202507,202607
2026,7,Proyecto Rincón,520.11,9030.33.19,Minería,Salta,RIGI - RINCON MINING PTY LIMIT,202507,202607
2026,7,Proyecto Rincón,4852.62,8501.52.10,Minería,Salta,RIGI - RINCON MINING PTY LIMIT,202507,202607
2026,7,Proyecto Siderúrgico Argentino Sidersa,22089.05,8454.90.90,Siderurgia,Buenos Aires,RIGI - SIDERSA ACERIA SDE     ,202508,202607
2026,7,Proyecto Siderúrgico Argentino Sidersa,44165.81,8514.90.00,Siderurgia,Buenos Aires,RIGI - SIDERSA ACERIA SDE     ,202508,202607
2026,7,Proyecto Siderúrgico Argentino Sidersa,60481,8455.90.00,Siderurgia,Buenos Aires,RIGI - SIDERSA ACERIA SDE     ,202508,202607
2026,7,Parque Eólico Olavarría,657963.96,8502.31.00,Energía,Buenos Aires,RIGI - GENERACION ELECTRICA AR,202511,202607
2026,7,Ampliación del Tramo I del Gasoducto Perito Francisco Pascasio Moreno (GPM),84652.88,8481.80.95,Petróleo y Gas,Neuquén; Buenos Aires,RIGI - TRANSPORTADORA DE GAS D,202607,202607
2026,7,Proyecto Rincón,1607.2,7307.91.00,Minería,Salta,RIGI - RINCON MINING PTY LIMIT,202507,202607
2026,7,Proyecto Rincón,2264.76,7307.91.00,Minería,Salta,RIGI - RINCON MINING PTY LIMIT,202507,202607
2026,7,Proyecto Rincón,883.8,3917.40.90,Minería,Salta,RIGI - RINCON MINING PTY LIMIT,202507,202607
2026,6,Proyecto Rincón,1944.38,8474.90.00,Minería,Salta,RIGI - RINCON MINING PTY LIMIT,202507,202607
2026,7,Proyecto Rincón,2890.16,7019.90.00,Minería,Salta,RIGI - RINCON MINING PTY LIMIT,202507,202607
2026,7,Ampliación del Tramo I del Gasoducto Perito Francisco Pascasio Moreno (GPM),6673.18,8517.62.34,Petróleo y Gas,Neuquén; Buenos Aires,RIGI - TRANSPORTADORA DE GAS D,202607,202607
2026,7,Proyecto Rincón,2110.59,8505.90.90,Minería,Salta,RIGI - RINCON MINING PTY LIMIT,202507,202607
2026,7,Proyecto Rincón,2421.98,8501.52.10,Minería,Salta,RIGI - RINCON MINING PTY LIMIT,202507,202607
2026,7,Proyecto Rincón,80.01,8421.99.99,Minería,Salta,RIGI - RINCON MINING PTY LIMIT,202507,202607
2026,7,Proyecto Rincón,363.3,8421.39.90,Minería,Salta,RIGI - RINCON MINING PTY LIMIT,202507,202607
2026,7,Proyecto Rincón,1586.18,8505.90.90,Minería,Salta,RIGI - RINCON MINING PTY LIMIT,202507,202607
2026,7,Proyecto Rincón,1278.03,8505.90.90,Minería,Salta,RIGI - RINCON MINING PTY LIMIT,202507,202607
2026,7,Parque Solar El Quemado y Anexos,1000,3926.90.90,Energía,Mendoza,RIGI - LUZ DEL CAMPO S. A.    ,202501,202607
2026,7,Hombre Muerto Oeste (HMW),18994.77,8413.50.90,Minería,Catamarca,RIGI - GALAN LITIO SDE        ,202511,202607
2026,7,Hombre Muerto Oeste (HMW),1372.85,9026.10.29,Minería,Catamarca,RIGI - GALAN LITIO SDE        ,202511,202607
2026,7,Hombre Muerto Oeste (HMW),6224.44,9027.89.99,Minería,Catamarca,RIGI - GALAN LITIO SDE        ,202511,202607
2026,7,Hombre Muerto Oeste (HMW),24.04,3917.40.90,Minería,Catamarca,RIGI - GALAN LITIO SDE        ,202511,202607
2026,7,Hombre Muerto Oeste (HMW),311.47,4016.93.00,Minería,Catamarca,RIGI - GALAN LITIO SDE        ,202511,202607
2026,6,Proyecto Siderúrgico Argentino Sidersa,8975.98,8431.49.10,Siderurgia,Buenos Aires,RIGI - SIDERSA ACERIA SDE     ,202508,202607
2026,6,Vaca Muerta Oleoducto Sur (VMOS),126884.58,8481.80.93,Petróleo y Gas,Río Negro,RIGI - VMOS S. A.             ,202505,202607
2026,6,Vaca Muerta Oleoducto Sur (VMOS),11656.54,7307.93.00,Petróleo y Gas,Río Negro,RIGI - VMOS S. A.             ,202505,202607
2026,6,Vaca Muerta Oleoducto Sur (VMOS),3673.14,7307.93.00,Petróleo y Gas,Río Negro,RIGI - VMOS S. A.             ,202505,202607
2026,6,Vaca Muerta Oleoducto Sur (VMOS),524,7307.93.00,Petróleo y Gas,Río Negro,RIGI - VMOS S. A.             ,202505,202607
2026,6,Vaca Muerta Oleoducto Sur (VMOS),11578.76,7307.93.00,Petróleo y Gas,Río Negro,RIGI - VMOS S. A.             ,202505,202607
2026,6,Vaca Muerta Oleoducto Sur (VMOS),6729.89,7307.93.00,Petróleo y Gas,Río Negro,RIGI - VMOS S. A.             ,202505,202607
2026,6,Vaca Muerta Oleoducto Sur (VMOS),14326.62,8517.62.77,Petróleo y Gas,Río Negro,RIGI - VMOS S. A.             ,202505,202607
2026,6,Vaca Muerta Oleoducto Sur (VMOS),154425.97,7309.00.90,Petróleo y Gas,Río Negro,RIGI - VMOS S. A.             ,202505,202607
2026,6,Vaca Muerta Oleoducto Sur (VMOS),10163.99,7309.00.90,Petróleo y Gas,Río Negro,RIGI - VMOS S. A.             ,202505,202607
2026,6,Vaca Muerta Oleoducto Sur (VMOS),37891.54,7304.39.90,Petróleo y Gas,Río Negro,RIGI - VMOS S. A.             ,202505,202607
2026,6,Vaca Muerta Oleoducto Sur (VMOS),31.51,7318.15.00,Petróleo y Gas,Río Negro,RIGI - VMOS S. A.             ,202505,202607
2026,6,Vaca Muerta Oleoducto Sur (VMOS),19897.85,7307.91.00,Petróleo y Gas,Río Negro,RIGI - VMOS S. A.             ,202505,202607
2026,7,Proyecto Rincón,126.3,3917.40.90,Minería,Salta,RIGI - RINCON MINING PTY LIMIT,202507,202607
2026,7,Expansión Fase 1B,16627.1,8479.90.90,Minería,Catamarca,RIGI - MINERA DEL ALTIPLANO SA,202605,202607
2026,7,Hombre Muerto Oeste (HMW),6225.55,9026.80.00,Minería,Catamarca,RIGI - GALAN LITIO SDE        ,202511,202607
2026,6,Vaca Muerta Oleoducto Sur (VMOS),208282.02,8544.70.10,Petróleo y Gas,Río Negro,RIGI - VMOS S. A.             ,202505,202607
2026,6,Vaca Muerta Oleoducto Sur (VMOS),2480.6,7307.93.00,Petróleo y Gas,Río Negro,RIGI - VMOS S. A.             ,202505,202607
2026,6,Vaca Muerta Oleoducto Sur (VMOS),865246.55,8413.70.90,Petróleo y Gas,Río Negro,RIGI - VMOS S. A.             ,202505,202607
2026,6,Vaca Muerta Oleoducto Sur (VMOS),344.64,7307.93.00,Petróleo y Gas,Río Negro,RIGI - VMOS S. A.             ,202505,202607
2026,7,Ampliación del Tramo I del Gasoducto Perito Francisco Pascasio Moreno (GPM),55849.52,8481.80.95,Petróleo y Gas,Neuquén; Buenos Aires,RIGI - TRANSPORTADORA DE GAS D,202607,202607
2026,7,Expansión Fase 1B,854.13,3926.90.90,Minería,Catamarca,RIGI - MINERA DEL ALTIPLANO SA,202605,202607
2026,6,Parque Eólico Olavarría,57521.45,7318.15.00,Energía,Buenos Aires,RIGI - GENERACION ELECTRICA AR,202511,202607
2026,6,Parque Eólico Olavarría,916.5,7610.90.00,Energía,Buenos Aires,RIGI - GENERACION ELECTRICA AR,202511,202607
2026,6,Parque Eólico Olavarría,2451.41,7318.15.00,Energía,Buenos Aires,RIGI - GENERACION ELECTRICA AR,202511,202607
2026,6,Parque Eólico Olavarría,2277.32,8505.11.00,Energía,Buenos Aires,RIGI - GENERACION ELECTRICA AR,202511,202607
2026,6,Parque Eólico Olavarría,17729.51,8504.40.40,Energía,Buenos Aires,RIGI - GENERACION ELECTRICA AR,202511,202607
2026,6,Hombre Muerto Oeste (HMW),7920,8428.39.90,Minería,Catamarca,RIGI - GALAN LITIO SDE        ,202511,202607
2026,6,Parque Eólico Olavarría,543.81,3919.90.20,Energía,Buenos Aires,RIGI - GENERACION ELECTRICA AR,202511,202607
2026,6,Parque Eólico Olavarría,2722.61,7318.14.00,Energía,Buenos Aires,RIGI - GENERACION ELECTRICA AR,202511,202607
2026,6,Proyecto Rincón,13846.42,8479.82.90,Minería,Salta,RIGI - RINCON MINING PTY LIMIT,202507,202607
2026,6,Vaca Muerta Oleoducto Sur (VMOS),75556.05,8481.30.00,Petróleo y Gas,Río Negro,RIGI - VMOS S. A.             ,202505,202607
2026,7,Vaca Muerta Oleoducto Sur (VMOS),223.77,8536.90.90,Petróleo y Gas,Río Negro,RIGI - VMOS S. A.             ,202505,202607
2026,7,Vaca Muerta Oleoducto Sur (VMOS),306.88,7415.33.00,Petróleo y Gas,Río Negro,RIGI - VMOS S. A.             ,202505,202607
2026,7,Vaca Muerta Oleoducto Sur (VMOS),956.32,9025.19.90,Petróleo y Gas,Río Negro,RIGI - VMOS S. A.             ,202505,202607
2026,7,Vaca Muerta Oleoducto Sur (VMOS),147.12,3917.40.90,Petróleo y Gas,Río Negro,RIGI - VMOS S. A.             ,202505,202607
2026,7,Vaca Muerta Oleoducto Sur (VMOS),9682.92,7307.99.00,Petróleo y Gas,Río Negro,RIGI - VMOS S. A.             ,202505,202607
2026,7,Vaca Muerta Oleoducto Sur (VMOS),1320.78,3926.90.90,Petróleo y Gas,Río Negro,RIGI - VMOS S. A.             ,202505,202607
2026,7,Vaca Muerta Oleoducto Sur (VMOS),538.1,3810.10.20,Petróleo y Gas,Río Negro,RIGI - VMOS S. A.             ,202505,202607
2026,7,Vaca Muerta Oleoducto Sur (VMOS),24207.1,8481.80.95,Petróleo y Gas,Río Negro,RIGI - VMOS S. A.             ,202505,202607
2026,7,Vaca Muerta Oleoducto Sur (VMOS),435434.68,8481.80.93,Petróleo y Gas,Río Negro,RIGI - VMOS S. A.             ,202505,202607
2026,7,Vaca Muerta Oleoducto Sur (VMOS),29451.44,8481.80.93,Petróleo y Gas,Río Negro,RIGI - VMOS S. A.             ,202505,202607
2026,7,Vaca Muerta Oleoducto Sur (VMOS),52.62,4016.93.00,Petróleo y Gas,Río Negro,RIGI - VMOS S. A.             ,202505,202607
2026,7,Vaca Muerta Oleoducto Sur (VMOS),215335.88,7307.99.00,Petróleo y Gas,Río Negro,RIGI - VMOS S. A.             ,202505,202607
2026,7,Vaca Muerta Oleoducto Sur (VMOS),734805.28,8481.80.93,Petróleo y Gas,Río Negro,RIGI - VMOS S. A.             ,202505,202607
2026,7,Vaca Muerta Oleoducto Sur (VMOS),118.71,8413.60.19,Petróleo y Gas,Río Negro,RIGI - VMOS S. A.             ,202505,202607
2026,7,Vaca Muerta Oleoducto Sur (VMOS),3.17,8536.90.90,Petróleo y Gas,Río Negro,RIGI - VMOS S. A.             ,202505,202607
2026,7,Vaca Muerta Oleoducto Sur (VMOS),102.13,8206.00.00,Petróleo y Gas,Río Negro,RIGI - VMOS S. A.             ,202505,202607
2026,6,Vaca Muerta Oleoducto Sur (VMOS),25242.84,8517.62.49,Petróleo y Gas,Río Negro,RIGI - VMOS S. A.             ,202505,202607
2026,7,Expansión Fase 1B,102300,8421.99.91,Minería,Catamarca,RIGI - MINERA DEL ALTIPLANO SA,202605,202607
2026,7,Proyecto Rincón,360356.19,8419.89.99,Minería,Salta,RIGI - RINCON MINING PTY LIMIT,202507,202607
2026,7,Proyecto Rincón,1220.67,7307.91.00,Minería,Salta,RIGI - RINCON MINING PTY LIMIT,202507,202607
2026,7,Ampliación del Tramo I del Gasoducto Perito Francisco Pascasio Moreno (GPM),10821.88,8517.62.34,Petróleo y Gas,Neuquén; Buenos Aires,RIGI - TRANSPORTADORA DE GAS D,202607,202607
2026,7,Hombre Muerto Oeste (HMW),2697.87,3926.90.90,Minería,Catamarca,RIGI - GALAN LITIO SDE        ,202511,202607
2026,7,Proyecto Siderúrgico Argentino Sidersa,16734,8428.90.90,Siderurgia,Buenos Aires,RIGI - SIDERSA ACERIA SDE     ,202508,202607
2026,7,Proyecto Siderúrgico Argentino Sidersa,84687,8455.90.00,Siderurgia,Buenos Aires,RIGI - SIDERSA ACERIA SDE     ,202508,202607
2026,7,Proyecto Siderúrgico Argentino Sidersa,3155,8454.90.90,Siderurgia,Buenos Aires,RIGI - SIDERSA ACERIA SDE     ,202508,202607
2026,7,Expansión Fase 1B,683.31,4016.99.90,Minería,Catamarca,RIGI - MINERA DEL ALTIPLANO SA,202605,202607
2026,7,Proyecto Rincón,27621.36,8481.80.95,Minería,Salta,RIGI - RINCON MINING PTY LIMIT,202507,202607
2026,7,Proyecto Rincón,314.65,8536.10.00,Minería,Salta,RIGI - RINCON MINING PTY LIMIT,202507,202607
2026,7,Proyecto Rincón,41049.69,8483.20.00,Minería,Salta,RIGI - RINCON MINING PTY LIMIT,202507,202607
2026,6,Vaca Muerta Oleoducto Sur (VMOS),52854.67,8526.10.00,Petróleo y Gas,Río Negro,RIGI - VMOS S. A.             ,202505,202607
2026,7,Vaca Muerta Oleoducto Sur (VMOS),4680.73,7907.00.90,Petróleo y Gas,Río Negro,RIGI - VMOS S. A.             ,202505,202607
2026,7,Vaca Muerta Oleoducto Sur (VMOS),11717.93,9030.90.90,Petróleo y Gas,Río Negro,RIGI - VMOS S. A.             ,202505,202607
2026,7,Vaca Muerta Oleoducto Sur (VMOS),588.47,8539.52.00,Petróleo y Gas,Río Negro,RIGI - VMOS S. A.             ,202505,202607
2026,7,Vaca Muerta Oleoducto Sur (VMOS),92.82,7307.93.00,Petróleo y Gas,Río Negro,RIGI - VMOS S. A.             ,202505,202607
2026,7,Vaca Muerta Oleoducto Sur (VMOS),31759.84,3917.40.90,Petróleo y Gas,Río Negro,RIGI - VMOS S. A.             ,202505,202607
2026,7,Vaca Muerta Oleoducto Sur (VMOS),77705.38,8481.30.00,Petróleo y Gas,Río Negro,RIGI - VMOS S. A.             ,202505,202607
2026,7,Vaca Muerta Oleoducto Sur (VMOS),12285.44,7318.15.00,Petróleo y Gas,Río Negro,RIGI - VMOS S. A.             ,202505,202607
2026,7,Vaca Muerta Oleoducto Sur (VMOS),2199.26,3926.90.90,Petróleo y Gas,Río Negro,RIGI - VMOS S. A.             ,202505,202607
2026,7,Vaca Muerta Oleoducto Sur (VMOS),3.3,7307.29.00,Petróleo y Gas,Río Negro,RIGI - VMOS S. A.             ,202505,202607
2026,7,Vaca Muerta Oleoducto Sur (VMOS),7986.98,7019.90.00,Petróleo y Gas,Río Negro,RIGI - VMOS S. A.             ,202505,202607
2026,7,Ampliación del Tramo I del Gasoducto Perito Francisco Pascasio Moreno (GPM),8297.4,8517.62.34,Petróleo y Gas,Neuquén; Buenos Aires,RIGI - TRANSPORTADORA DE GAS D,202607,202607
2026,7,Vaca Muerta Oleoducto Sur (VMOS),109895.95,9026.10.29,Petróleo y Gas,Río Negro,RIGI - VMOS S. A.             ,202505,202607
2026,7,Vaca Muerta Oleoducto Sur (VMOS),1340.15,7607.20.00,Petróleo y Gas,Río Negro,RIGI - VMOS S. A.             ,202505,202607
2026,7,Vaca Muerta Oleoducto Sur (VMOS),6.17,8310.00.00,Petróleo y Gas,Río Negro,RIGI - VMOS S. A.             ,202505,202607
2026,7,Hombre Muerto Oeste (HMW),7106.5,9026.10.11,Minería,Catamarca,RIGI - GALAN LITIO SDE        ,202511,202607
2026,7,Expansión Fase 1B,638,8431.39.00,Minería,Catamarca,RIGI - MINERA DEL ALTIPLANO SA,202605,202607
2026,7,Proyecto Rincón,222.74,8481.80.92,Minería,Salta,RIGI - RINCON MINING PTY LIMIT,202507,202607
2026,7,Ampliación del Tramo I del Gasoducto Perito Francisco Pascasio Moreno (GPM),16030.74,8517.62.52,Petróleo y Gas,Neuquén; Buenos Aires,RIGI - TRANSPORTADORA DE GAS D,202607,202607
